Workbook
Name INPUT: 'Sproat Escapement Data '!$A$28:$M$29
Name INPUT: 'STAMP Escapement Data'!$A$28:$M$601

Sheet STAMP Escapement Data
A1: Historic Stamp Falls Daily Counts from Reports 1986 to 2003.
A3: Year | B3: Data Source | C3: Data Type
A4: 1986
A5: 1987
A6: 1988
A7: 1989
A8: 1990 | B8: Bocking. 1991 | C8: Adjusted for observer error and periods of non-observation
A9: 1991 | B9: Bocking & Nass. 1992 | C9: Adjusted for observer error and periods of non-observation
A10: 1992 | B10: Nelson. 1993 | C10: Adjusted for observer error and periods of non-observation
A11: 1993 | B11: Nelson. 1994 | C11: Chinook Coho and Sockeye are adjusted for observer error and periods of non-observation
A12: 1994 | B12: Nelson. 1995 | C12: Chinook Coho and Sockeye are adjusted for observer error and periods of non-observation
A13: 1995
A14: 1996
A15: 1997
A16: 1998
A17: 1999
A18: 2000
A19: 2001
A20: 2002 | B20: Stamp Falls Database. | C20: Raw counts. Not adjusted.
A22: 1998 and 2001 included totals from GCL Dam counter, I deleted this so we don't double count. Dawn
A29: DATE | B29: STDATE | C29: YEAR | D29: CO | E29: JCO | F29: PK | G29: CM | H29: CN | I29: JCN | J29: ST | K29: SX | L29: JSX | M29: UNK | N29: COMMENT | O29: River Temp (AM) oC | P29: River height (m) | Q29: weather
A30: 31673 | B30: =CONCATENATE(TEXT(A30,"mm"),TEXT(A30,"dd")) -> 0918 | C30: 1986 | D30: 35 | H30: 94 | J30: 5 | K30: 149 | M30: 183
A31: 31674 | B31: =CONCATENATE(TEXT(A31,"mm"),TEXT(A31,"dd")) -> 0919 | C31: 1986 | D31: 448 | H31: 197 | J31: 13 | K31: 342 | M31: 799
A32: 31675 | B32: =CONCATENATE(TEXT(A32,"mm"),TEXT(A32,"dd")) -> 0920 | C32: 1986 | D32: 7 | H32: 438 | J32: 34 | K32: 457 | M32: 54
A33: 31676 | B33: =CONCATENATE(TEXT(A33,"mm"),TEXT(A33,"dd")) -> 0921 | C33: 1986 | D33: 836 | H33: 634 | J33: 26 | K33: 1469 | M33: 1339
A34: 31677 | B34: =CONCATENATE(TEXT(A34,"mm"),TEXT(A34,"dd")) -> 0922 | C34: 1986 | D34: 2103 | H34: 1336 | J34: 22 | K34: 4947 | M34: 1888
A35: 31678 | B35: =CONCATENATE(TEXT(A35,"mm"),TEXT(A35,"dd")) -> 0923 | C35: 1986 | D35: 504 | H35: 1307 | J35: 12 | K35: 3979 | M35: 977
A36: 31679 | B36: =CONCATENATE(TEXT(A36,"mm"),TEXT(A36,"dd")) -> 0924 | C36: 1986 | D36: 188 | H36: 298 | J36: 0 | K36: 1282 | M36: 489
A37: 31680 | B37: =CONCATENATE(TEXT(A37,"mm"),TEXT(A37,"dd")) -> 0925 | C37: 1986 | D37: 1273 | H37: 568 | J37: 20 | K37: 3000 | M37: 285
A38: 31681 | B38: =CONCATENATE(TEXT(A38,"mm"),TEXT(A38,"dd")) -> 0926 | C38: 1986 | D38: 1033 | H38: 493 | J38: 6 | K38: 2137 | M38: 140
A39: 31682 | B39: =CONCATENATE(TEXT(A39,"mm"),TEXT(A39,"dd")) -> 0927 | C39: 1986 | D39: 12 | H39: 86 | J39: 0 | K39: 285 | M39: 28
A40: 31683 | B40: =CONCATENATE(TEXT(A40,"mm"),TEXT(A40,"dd")) -> 0928 | C40: 1986 | D40: 302 | H40: 272 | J40: 3 | K40: 1501 | M40: 1577
A41: 31684 | B41: =CONCATENATE(TEXT(A41,"mm"),TEXT(A41,"dd")) -> 0929 | C41: 1986 | D41: 1442 | H41: 677 | J41: 3 | K41: 1014 | M41: 559
... A135: 32100 | B135: =CONCATENATE(TEXT(A135,"mm"),TEXT(A135,"dd")) -> 1119 | C135: 1987 | D135: 0 | H135: 0 | J135: 2 | K135: 3 | M135: 0
A136: =DATE(88,9,15) -> 32401 | B136: =CONCATENATE(TEXT(A136,"mm"),TEXT(A136,"dd")) -> 0915 | C136: 1988 | D136: 25 | E136: 0 | H136: 684 | I136: 20 | J136: 1 | K136: 44 | M136: 10 | N136: STARTED AT 1230 HRS.
A137: =DATE(88,9,16) -> 32402 | B137: =CONCATENATE(TEXT(A137,"mm"),TEXT(A137,"dd")) -> 0916 | C137: 1988 | D137: 53 | E137: 23 | H137: 1574 | I137: 241 | J137: 4 | K137: 189 | M137: 119
A138: =DATE(88,9,17) -> 32403 | B138: =CONCATENATE(TEXT(A138,"mm"),TEXT(A138,"dd")) -> 0917 | C138: 1988 | D138: 431 | E138: 77 | H138: 1789 | I138: 414 | J138: 9 | K138: 242 | M138: 156
A139: =DATE(88,9,18) -> 32404 | B139: =CONCATENATE(TEXT(A139,"mm"),TEXT(A139,"dd")) -> 0918 | C139: 1988 | D139: 582 | E139: 160 | H139: 1165 | I139: 157 | J139: 1 | K139: 171 | M139: 52
A140: =DATE(88,9,19) -> 32405 | B140: =CONCATENATE(TEXT(A140,"mm"),TEXT(A140,"dd")) -> 0919 | C140: 1988 | D140: 682 | E140: 216 | H140: 1864 | I140: 533 | J140: 2 | K140: 485 | M140: 105
A141: =DATE(88,9,20) -> 32406 | B141: =CONCATENATE(TEXT(A141,"mm"),TEXT(A141,"dd")) -> 0920 | C141: 1988 | D141: 952 | E141: 58 | H141: 1554 | I141: 617 | J141: 5 | K141: 653 | M141: 65 | N141: FISHWAY CLOSED FROM 1010 TO 1200 HRS.
A142: =DATE(88,9,21) -> 32407 | B142: =CONCATENATE(TEXT(A142,"mm"),TEXT(A142,"dd")) -> 0921 | C142: 1988 | D142: 987 | E142: 152 | H142: 1059 | I142: 457 | J142: 3 | K142: 600 | M142: 39
A143: =DATE(88,9,22) -> 32408 | B143: =CONCATENATE(TEXT(A143,"mm"),TEXT(A143,"dd")) -> 0922 | C143: 1988 | D143: 761 | E143: 34 | H143: 3968 | I143: 967 | J143: 11 | K143: 1208 | M143: 49
A144: =DATE(88,9,23) -> 32409 | B144: =CONCATENATE(TEXT(A144,"mm"),TEXT(A144,"dd")) -> 0923 | C144: 1988 | D144: 577 | E144: 67 | H144: 1392 | I144: 653 | J144: 13 | K144: 1071 | M144: 50
A145: =DATE(88,9,24) -> 32410 | B145: =CONCATENATE(TEXT(A145,"mm"),TEXT(A145,"dd")) -> 0924 | C145: 1988 | D145: 362 | E145: 38 | H145: 775 | I145: 277 | J145: 5 | K145: 491 | M145: 26
A146: =DATE(88,9,25) -> 32411 | B146: =CONCATENATE(TEXT(A146,"mm"),TEXT(A146,"dd")) -> 0925 | C146: 1988 | D146: 556 | E146: 57 | H146: 1499 | I146: 413 | J146: 0 | K146: 1158 | M146: 29
A147: =DATE(88,9,26) -> 32412 | B147: =CONCATENATE(TEXT(A147,"mm"),TEXT(A147,"dd")) -> 0926 | C147: 1988 | D147: 282 | E147: 8 | H147: 1176 | I147: 257 | J147: 0 | K147: 1335 | M147: 47
A148: =DATE(88,9,27) -> 32413 | B148: =CONCATENATE(TEXT(A148,"mm"),TEXT(A148,"dd")) -> 0927 | C148: 1988 | D148: 164 | E148: 0 | H148: 1496 | I148: 268 | J148: 0 | K148: 1949 | M148: 20
A149: =DATE(88,9,28) -> 32414 | B149: =CONCATENATE(TEXT(A149,"mm"),TEXT(A149,"dd")) -> 0928 | C149: 1988 | D149: 67 | E149: 4 | H149: 844 | I149: 189 | J149: 6 | K149: 1056 | M149: 5
A150: =DATE(88,9,29) -> 32415 | B150: =CONCATENATE(TEXT(A150,"mm"),TEXT(A150,"dd")) -> 0929 | C150: 1988 | D150: 76 | E150: 3 | H150: 1105 | I150: 263 | J150: 67 | K150: 2228 | M150: 38
A151: =DATE(88,9,30) -> 32416 | B151: =CONCATENATE(TEXT(A151,"mm"),TEXT(A151,"dd")) -> 0930 | C151: 1988 | D151: 36 | E151: 6 | H151: 1360 | I151: 275 | J151: 8 | K151: 2146 | M151: 26
A152: =DATE(88,10,1) -> 32417 | B152: =CONCATENATE(TEXT(A152,"mm"),TEXT(A152,"dd")) -> 1001 | C152: 1988 | D152: 22 | E152: 1 | H152: 705 | I152: 332 | J152: 9 | K152: 1802 | M152: 54
A153: =DATE(88,10,2) -> 32418 | B153: =CONCATENATE(TEXT(A153,"mm"),TEXT(A153,"dd")) -> 1002 | C153: 1988 | D153: 41 | E153: 2 | H153: 858 | I153: 461 | J153: 17 | K153: 1511 | M153: 36
A154: =DATE(88,10,3) -> 32419 | B154: =CONCATENATE(TEXT(A154,"mm"),TEXT(A154,"dd")) -> 1003 | C154: 1988 | D154: 11 | E154: 3 | H154: 329 | I154: 232 | J154: 22 | K154: 950 | M154: 13
A155: =DATE(88,10,4) -> 32420 | B155: =CONCATENATE(TEXT(A155,"mm"),TEXT(A155,"dd")) -> 1004 | C155: 1988 | D155: 170 | E155: 11 | H155: 1371 | I155: 334 | J155: 22 | K155: 640 | M155: 45
A156: =DATE(88,10,5) -> 32421 | B156: =CONCATENATE(TEXT(A156,"mm"),TEXT(A156,"dd")) -> 1005 | C156: 1988 | D156: 482 | E156: 11 | H156: 1863 | I156: 273 | J156: 67 | K156: 882 | M156: 33
A157: =DATE(88,10,6) -> 32422 | B157: =CONCATENATE(TEXT(A157,"mm"),TEXT(A157,"dd")) -> 1006 | C157: 1988 | D157: 132 | E157: 14 | H157: 1487 | I157: 94 | J157: 45 | K157: 465 | M157: 25
A158: 32423 | B158: =CONCATENATE(TEXT(A158,"mm"),TEXT(A158,"dd")) -> 1007 | C158: 1988 | D158: 269 | E158: 7 | H158: 1721 | I158: 215 | J158: 109 | K158: 517 | M158: 35
A159: 32424 | B159: =CONCATENATE(TEXT(A159,"mm"),TEXT(A159,"dd")) -> 1008 | C159: 1988 | D159: 192 | E159: 42 | H159: 2070 | I159: 153 | J159: 103 | K159: 108 | M159: 23
A160: 32425 | B160: =CONCATENATE(TEXT(A160,"mm"),TEXT(A160,"dd")) -> 1009 | C160: 1988 | D160: 144 | E160: 56 | H160: 1277 | I160: 178 | J160: 68 | K160: 90 | M160: 43
A161: 32426 | B161: =CONCATENATE(TEXT(A161,"mm"),TEXT(A161,"dd")) -> 1010 | C161: 1988 | D161: 61 | E161: 37 | H161: 1044 | I161: 127 | J161: 34 | K161: 64 | M161: 37
A162: 32427 | B162: =CONCATENATE(TEXT(A162,"mm"),TEXT(A162,"dd")) -> 1011 | C162: 1988 | D162: 27 | E162: 35 | H162: 1513 | I162: 73 | J162: 49 | K162: 63 | M162: 40
A163: 32428 | B163: =CONCATENATE(TEXT(A163,"mm"),TEXT(A163,"dd")) -> 1012 | C163: 1988 | D163: 38 | E163: 17 | H163: 1001 | I163: 45 | J163: 47 | K163: 64 | M163: 55
A164: 32429 | B164: =CONCATENATE(TEXT(A164,"mm"),TEXT(A164,"dd")) -> 1013 | C164: 1988 | D164: 115 | E164: 39 | H164: 1225 | I164: 26 | J164: 3 | K164: 97 | M164: 57
A165: 32430 | B165: =CONCATENATE(TEXT(A165,"mm"),TEXT(A165,"dd")) -> 1014 | C165: 1988 | D165: 279 | E165: 35 | H165: 2206 | I165: 39 | J165: 3 | K165: 56 | M165: 39
A166: 32431 | B166: =CONCATENATE(TEXT(A166,"mm"),TEXT(A166,"dd")) -> 1015 | C166: 1988 | D166: 214 | E166: 46 | H166: 2284 | I166: 111 | J166: 5 | K166: 68 | M166: 29
A167: 32432 | B167: =CONCATENATE(TEXT(A167,"mm"),TEXT(A167,"dd")) -> 1016 | C167: 1988 | D167: 186 | E167: 79 | H167: 2321 | I167: 101 | J167: 5 | K167: 172 | M167: 30
A168: 32433 | B168: =CONCATENATE(TEXT(A168,"mm"),TEXT(A168,"dd")) -> 1017 | C168: 1988 | D168: 171 | E168: 36 | H168: 2362 | I168: 104 | J168: 5 | K168: 51 | M168: 15
A169: 32434 | B169: =CONCATENATE(TEXT(A169,"mm"),TEXT(A169,"dd")) -> 1018 | C169: 1988 | D169: 47 | E169: 10 | H169: 1352 | I169: 45 | J169: 5 | K169: 64 | M169: 8
... A183: 32448 | B183: =CONCATENATE(TEXT(A183,"mm"),TEXT(A183,"dd")) -> 1101 | C183: 1988 | D183: 1 | E183: 0 | H183: 41 | I183: 6 | J183: 0 | K183: 6 | M183: 8
A184: 32449 | B184: =CONCATENATE(TEXT(A184,"mm"),TEXT(A184,"dd")) -> 1102 | C184: 1988 | D184: 55 | E184: 4 | H184: 126 | I184: 35 | J184: 3 | K184: 54 | M184: 10 | N184: HIGH WATER
A185: 32450 | B185: =CONCATENATE(TEXT(A185,"mm"),TEXT(A185,"dd")) -> 1103 | C185: 1988 | D185: 8 | E185: 1 | H185: 97 | I185: 13 | J185: 1 | K185: 11 | M185: 9 | N185: HIGH WATER
A186: 32451 | B186: =CONCATENATE(TEXT(A186,"mm"),TEXT(A186,"dd")) -> 1104 | C186: 1988 | D186: 0 | E186: 0 | H186: 7 | I186: 4 | J186: 0 | K186: 3 | M186: 4 | N186: HIGH WATER
A187: 32452 | B187: =CONCATENATE(TEXT(A187,"mm"),TEXT(A187,"dd")) -> 1105 | C187: 1988 | D187: 0 | E187: 0 | H187: 0 | I187: 0 | J187: 0 | K187: 0 | M187: 0 | N187: FISHWAY FLOODED
A188: 32453 | B188: =CONCATENATE(TEXT(A188,"mm"),TEXT(A188,"dd")) -> 1106 | C188: 1988 | D188: 0 | E188: 0 | H188: 0 | I188: 0 | J188: 0 | K188: 0 | M188: 0 | N188: FISHWAY FLOODED
A189: 32454 | B189: =CONCATENATE(TEXT(A189,"mm"),TEXT(A189,"dd")) -> 1107 | C189: 1988 | D189: 0 | E189: 0 | H189: 0 | I189: 0 | J189: 0 | K189: 0 | M189: 0 | N189: FISHWAY FLOODED
A190: 32455 | B190: =CONCATENATE(TEXT(A190,"mm"),TEXT(A190,"dd")) -> 1108 | C190: 1988 | D190: 0 | E190: 0 | H190: 0 | I190: 0 | J190: 0 | K190: 0 | M190: 0 | N190: FISHWAY FLOODED
A191: 32456 | B191: =CONCATENATE(TEXT(A191,"mm"),TEXT(A191,"dd")) -> 1109 | C191: 1988 | D191: 0 | E191: 0 | H191: 0 | I191: 0 | J191: 0 | K191: 0 | M191: 0 | N191: FISHWAY FLOODED- 2 PG. 55.
A192: 32457 | B192: =CONCATENATE(TEXT(A192,"mm"),TEXT(A192,"dd")) -> 1110 | C192: 1988 | D192: 45 | E192: 0 | H192: 15 | I192: 5 | J192: 8 | K192: 3 | M192: 5
A193: 32458 | B193: =CONCATENATE(TEXT(A193,"mm"),TEXT(A193,"dd")) -> 1111 | C193: 1988 | D193: 21 | E193: 0 | H193: 17 | I193: 6 | J193: 3 | K193: 3 | M193: 1
A194: 32459 | B194: =CONCATENATE(TEXT(A194,"mm"),TEXT(A194,"dd")) -> 1112 | C194: 1988 | D194: 19 | E194: 0 | H194: 19 | I194: 2 | J194: 2 | K194: 2 | M194: 1
A195: 32460 | B195: =CONCATENATE(TEXT(A195,"mm"),TEXT(A195,"dd")) -> 1113 | C195: 1988 | D195: 21 | E195: 1 | H195: 11 | I195: 2 | J195: 2 | K195: 1 | M195: 0
A196: 32461 | B196: =CONCATENATE(TEXT(A196,"mm"),TEXT(A196,"dd")) -> 1114 | C196: 1988 | D196: 10 | E196: 1 | H196: 12 | I196: 12 | J196: 30 | K196: 9 | M196: 0
A197: 32462 | B197: =CONCATENATE(TEXT(A197,"mm"),TEXT(A197,"dd")) -> 1115 | C197: 1988 | D197: 16 | E197: 0 | H197: 12 | I197: 4 | J197: 23 | K197: 11 | M197: 0
A198: 32463 | B198: =CONCATENATE(TEXT(A198,"mm"),TEXT(A198,"dd")) -> 1116 | C198: 1988 | D198: 5 | E198: 0 | H198: 10 | I198: 3 | J198: 34 | K198: 24 | M198: 0
A199: 32464 | B199: =CONCATENATE(TEXT(A199,"mm"),TEXT(A199,"dd")) -> 1117 | C199: 1988 | D199: 5 | E199: 0 | H199: 7 | I199: 1 | J199: 17 | K199: 18 | M199: 0
A200: 32465 | B200: =CONCATENATE(TEXT(A200,"mm"),TEXT(A200,"dd")) -> 1118 | C200: 1988 | D200: 7 | E200: 0 | H200: 6 | I200: 1 | J200: 18 | K200: 16 | M200: 0
A201: 32466 | B201: =CONCATENATE(TEXT(A201,"mm"),TEXT(A201,"dd")) -> 1119 | C201: 1988 | D201: 0 | E201: 0 | H201: 0 | I201: 0 | J201: 0 | K201: 2 | M201: 0
A202: 32467 | B202: =CONCATENATE(TEXT(A202,"mm"),TEXT(A202,"dd")) -> 1120 | C202: 1988 | D202: 5 | E202: 0 | H202: 3 | I202: 2 | J202: 6 | K202: 15 | M202: 0
A203: 32765 | B203: =CONCATENATE(TEXT(A203,"mm"),TEXT(A203,"dd")) -> 0914 | C203: 1989 | D203: 1 | E203: 8 | H203: 85 | I203: 10 | J203: 0 | K203: 119 | M203: 11 | N203: FIRST DAY OF OPERATION
A204: 32766 | B204: =CONCATENATE(TEXT(A204,"mm"),TEXT(A204,"dd")) -> 0915 | C204: 1989 | D204: 10 | E204: 7 | H204: 969 | I204: 40 | J204: 0 | K204: 569 | M204: 33
A205: 32767 | B205: =CONCATENATE(TEXT(A205,"mm"),TEXT(A205,"dd")) -> 0916 | C205: 1989 | D205: 162 | E205: 47 | H205: 1433 | I205: 121 | J205: 1 | K205: 1234 | M205: 40
A206: 32768 | B206: =CONCATENATE(TEXT(A206,"mm"),TEXT(A206,"dd")) -> 0917 | C206: 1989 | D206: 533 | E206: 85 | H206: 2143 | I206: 265 | J206: 2 | K206: 999 | M206: 89
A207: 32769 | B207: =CONCATENATE(TEXT(A207,"mm"),TEXT(A207,"dd")) -> 0918 | C207: 1989 | D207: 755 | E207: 95 | H207: 1344 | I207: 255 | J207: 3 | K207: 1540 | M207: 6
A208: 32770 | B208: =CONCATENATE(TEXT(A208,"mm"),TEXT(A208,"dd")) -> 0919 | C208: 1989 | D208: 895 | E208: 155 | H208: 1260 | I208: 431 | J208: 10 | K208: 2687 | M208: 1
A209: 32771 | B209: =CONCATENATE(TEXT(A209,"mm"),TEXT(A209,"dd")) -> 0920 | C209: 1989 | D209: 1383 | E209: 213 | H209: 875 | I209: 535 | J209: 5 | K209: 2320 | M209: 0
A210: 32772 | B210: =CONCATENATE(TEXT(A210,"mm"),TEXT(A210,"dd")) -> 0921 | C210: 1989 | D210: 1257 | E210: 253 | H210: 549 | I210: 543 | J210: 6 | K210: 1912 | M210: 1
A211: 32773 | B211: =CONCATENATE(TEXT(A211,"mm"),TEXT(A211,"dd")) -> 0922 | C211: 1989 | D211: 729 | E211: 128 | H211: 884 | I211: 225 | J211: 3 | K211: 1656 | M211: 13
A212: 32774 | B212: =CONCATENATE(TEXT(A212,"mm"),TEXT(A212,"dd")) -> 0923 | C212: 1989 | D212: 573 | E212: 88 | H212: 525 | I212: 151 | J212: 1 | K212: 948 | M212: 19
A213: 32775 | B213: =CONCATENATE(TEXT(A213,"mm"),TEXT(A213,"dd")) -> 0924 | C213: 1989 | D213: 454 | E213: 87 | H213: 450 | I213: 184 | J213: 5 | K213: 501 | M213: 0
A214: 32776 | B214: =CONCATENATE(TEXT(A214,"mm"),TEXT(A214,"dd")) -> 0925 | C214: 1989 | D214: 606 | E214: 317 | H214: 771 | I214: 657 | J214: 4 | K214: 428 | M214: 1
...

Sheet Sproat Escapement Data 
A1: Historic Stamp Falls Daily Counts from Reports 1986 to 2003.
A3: Year | B3: Data Source | C3: Data Type
A4: 1986
A5: 1987
A6: 1988
A7: 1989
A8: 1990 | B8: Bocking. 1991 | C8: Adjusted for observer error and periods of non-observation
A9: 1991 | B9: Bocking & Nass. 1992 | C9: Adjusted for observer error and periods of non-observation
A10: 1992 | B10: Nelson. 1993 | C10: Adjusted for observer error and periods of non-observation
A11: 1993 | B11: Nelson. 1994 | C11: Chinook Coho and Sockeye are adjusted for observer error and periods of non-observation
A12: 1994 | B12: Nelson. 1995 | C12: Chinook Coho and Sockeye are adjusted for observer error and periods of non-observation
A13: 1995
A14: 1996
A15: 1997
A16: 1998
A17: 1999
A18: 2000
A19: 2001
A20: 2002 | B20: Stamp Falls Database. | C20: Raw counts. Not adjusted.
A22: 1998 and 2001 included totals from GCL Dam counter, I deleted this so we don't double count. Dawn
A29: DATE | B29: STDATE | C29: YEAR | D29: CO | E29: JCO | F29: PK | G29: CM | H29: CN | I29: JCN | J29: ST | K29: SX | L29: JSX | M29: UNK | N29: COMMENT | O29: River Temp (AM) oC | P29: River height (m) | Q29: weather
A30: 41486 | B30: 731 | C30: 2013 | D30: 0 | E30: 0 | G30: 0 | H30: 3 | J30: 124 | K30: 189162 | L30: 227473 | N30: Totals to date (up to July 31)
A31: 41487 | B31: 801 | C31: 2013 | D31: 0 | E31: 0 | G31: 0 | H31: 0 | J31: 0 | K31: 415.9476 | L31: 4153.4037 | N31: Sockeye counts are only in-season visual estimates. True final counts will be generated by applying weekly biodata to total sockeye counts.
A32: 41488 | B32: 802 | C32: 2013 | D32: 0 | E32: 0 | G32: 0 | H32: 0 | J32: 0 | K32: 713.58734 | L32: 1566.054 | N32: Sockeye counts are only in-season visual estimates. True final counts will be generated by applying weekly biodata to total sockeye counts.
A33: 41489 | B33: 803 | C33: 2013 | D33: 3 | E33: 0 | G33: 0 | H33: 0 | J33: 0 | K33: 154.22787 | L33: 341.72058 | N33: Sockeye counts are only in-season visual estimates. True final counts will be generated by applying weekly biodata to total sockeye counts.
A34: 41490 | B34: 804 | C34: 2013 | D34: 0 | E34: 0 | G34: 0 | H34: 0 | J34: 9 | K34: 1629.7507 | L34: 1035.1935 | N34: Sockeye counts are only in-season visual estimates. True final counts will be generated by applying weekly biodata to total sockeye counts.
A35: 41491 | B35: 805 | C35: 2013 | D35: 3 | E35: 0 | G35: 0 | H35: 0 | J35: 0 | K35: 218.37275 | L35: 960.84011 | N35: Sockeye counts are only in-season visual estimates. True final counts will be generated by applying weekly biodata to total sockeye counts.
A36: 41492 | B36: 806 | C36: 2013 | D36: 12 | E36: 3 | G36: 0 | H36: 0 | J36: 3 | K36: 348.6982 | L36: 3342.6931 | N36: Sockeye counts are only in-season visual estimates. True final counts will be generated by applying weekly biodata to total sockeye counts.
A37: 41493 | B37: 807 | C37: 2013 | D37: 0 | E37: 0 | G37: 0 | H37: 0 | J37: 0 | K37: 183 | L37: 1200 | N37: Sockeye counts are only in-season visual estimates. True final counts will be generated by applying weekly biodata to total sockeye counts.
A38: 41494 | B38: 808 | C38: 2013 | D38: 0 | E38: 0 | G38: 0 | H38: 0 | J38: 0 | K38: 33 | L38: 69 | N38: Sockeye counts are only in-season visual estimates. True final counts will be generated by applying weekly biodata to total sockeye counts.
A39: 41495 | B39: 809 | C39: 2013 | D39: 0 | E39: 0 | G39: 0 | H39: 0 | J39: 0 | K39: 18 | L39: 39 | N39: Sockeye counts are only in-season visual estimates. True final counts will be generated by applying weekly biodata to total sockeye counts.
A40: 41496 | B40: 810 | C40: 2013 | D40: 0 | E40: 0 | G40: 0 | H40: 0 | J40: 0 | K40: 110.60182 | L40: 109.0197 | N40: Sockeye counts are only in-season visual estimates. True final counts will be generated by applying weekly biodata to total sockeye counts.
A41: 41497 | B41: 811 | C41: 2013 | D41: 0 | E41: 0 | G41: 0 | H41: 0 | J41: 0 | K41: 588.03 | L41: 3568.8152 | N41: Sockeye counts are only in-season visual estimates. True final counts will be generated by applying weekly biodata to total sockeye counts.
... A129: 41585 | B129: 1107 | C129: 2013 | D129: 11.37931 | E129: 2.0689655 | G129: 0 | H129: 1 | J129: 0 | K129: 39 | L129: 0 | N129: Sockeye counts are only in-season visual estimates. True final counts will be generated by applying weekly biodata to total sockeye counts.
A130: 41586 | B130: 1108 | C130: 2013
A131: 41587 | B131: 1109 | C131: 2013
A132: 41588 | B132: 1110 | C132: 2013
A133: 41589 | B133: 1111 | C133: 2013
A134: 41590 | B134: 1112 | C134: 2013
A135: 41591 | B135: 1113 | C135: 2013
A136: 41592 | B136: 1114 | C136: 2013
A137: 41593 | B137: 1115 | C137: 2013
A138: 41594 | B138: 1116 | C138: 2013
A139: 41595 | B139: 1117 | C139: 2013
A140: 41596 | B140: 1118 | C140: 2013
A141: 41597 | B141: 1119 | C141: 2013
... A152: 41608 | B152: 1130 | C152: 2013
A153: 41851 | B153: 731 | C153: 2014 | D153: 6 | E153: 0 | F153: 0 | G153: 1 | H153: 1 | I153: 0 | J153: 50 | K153: 262389 | L153: 97956 | N153: Totals to date (up to July 31)
A154: 41852 | B154: 801 | C154: 2014 | D154: 1.9625665 | E154: 0 | F154: 0 | G154: 0 | H154: 0 | I154: 0 | J154: 0 | K154: 719.28063 | L154: 324.80476 | N154: Sockeye counts are only in-season visual estimates. True final counts will be generated by applying weekly biodata to total sockeye counts.
A155: 41853 | B155: 802 | C155: 2014 | D155: 0.95818467 | E155: 0 | F155: 0 | G155: 0 | H155: 0 | I155: 0 | J155: 0.95818467 | K155: 992.67931 | L155: 535.62523 | N155: Sockeye counts are only in-season visual estimates. True final counts will be generated by applying weekly biodata to total sockeye counts.
A156: 41854 | B156: 803 | C156: 2014 | D156: 0 | E156: 0 | F156: 0 | G156: 0 | H156: 0 | I156: 0 | J156: 3.7403443 | K156: 446.97114 | L156: 330.08538 | N156: Sockeye counts are only in-season visual estimates. True final counts will be generated by applying weekly biodata to total sockeye counts.
A157: 41855 | B157: 804 | C157: 2014 | D157: 0 | E157: 0 | F157: 0 | G157: 0 | H157: 0 | I157: 0 | J157: 0 | K157: 145.918 | L157: 218.877 | N157: Sockeye counts are only in-season visual estimates. True final counts will be generated by applying weekly biodata to total sockeye counts.
A158: 41856 | B158: 805 | C158: 2014 | D158: 0 | E158: 0 | F158: 0 | G158: 0 | H158: 0 | I158: 0 | J158: 0 | K158: 60.444444 | L158: 46.222222 | N158: Sockeye counts are only in-season visual estimates. True final counts will be generated by applying weekly biodata to total sockeye counts.
A159: 41857 | B159: 806 | C159: 2014 | D159: 0 | E159: 0 | F159: 0 | G159: 0 | H159: 0 | I159: 0 | J159: 0 | K159: 131.19279 | L159: 90.015494 | N159: Sockeye counts are only in-season visual estimates. True final counts will be generated by applying weekly biodata to total sockeye counts.
A160: 41858 | B160: 807 | C160: 2014 | D160: 43.106045 | E160: 1.0263344 | F160: 0 | G160: 0 | H160: 1.0263344 | I160: 0 | J160: 0 | K160: 1081.7565 | L160: 966.807 | N160: Sockeye counts are only in-season visual estimates. True final counts will be generated by applying weekly biodata to total sockeye counts.
A161: 41859 | B161: 808 | C161: 2014 | D161: 26.281372 | E161: 0 | F161: 0 | G161: 0 | H161: 0 | I161: 0 | J161: 0 | K161: 1787.1333 | L161: 1553.8861 | N161: Sockeye counts are only in-season visual estimates. True final counts will be generated by applying weekly biodata to total sockeye counts.
A162: 41860 | B162: 809 | C162: 2014 | D162: 19.283271 | E162: 0 | F162: 0 | G162: 0 | H162: 0 | I162: 0 | J162: 0 | K162: 645.98959 | L162: 427.44585 | N162: Sockeye counts are only in-season visual estimates. True final counts will be generated by applying weekly biodata to total sockeye counts.
A163: 41861 | B163: 810 | C163: 2014 | D163: 13.617871 | E163: 0 | F163: 0 | G163: 1.0475286 | H163: 0 | I163: 0 | J163: 0 | K163: 175.9848 | L163: 257.69203 | N163: Sockeye counts are only in-season visual estimates. True final counts will be generated by applying weekly biodata to total sockeye counts.
A164: 41862 | B164: 811 | C164: 2014 | D164: 13.308936 | E164: 0 | F164: 0 | G164: 0 | H164: 0 | I164: 0 | J164: 0 | K164: 19.451521 | L164: 16.380229 | N164: Sockeye counts are only in-season visual estimates. True final counts will be generated by applying weekly biodata to total sockeye counts.
... A235: 41933 | B235: 1021 | C235: 2014 | D235: 7.0486111 | E235: 0 | F235: 0 | G235: 0 | H235: 0 | I235: 0 | J235: 2.0138889 | K235: 73.506944 | L235: 4.0277778 | N235: Sockeye counts are only in-season visual estimates. True final counts will be generated by applying weekly biodata to total sockeye counts.
A236: 41934 | B236: 1022 | C236: 2014
A237: 41935 | B237: 1023 | C237: 2014
A238: 41936 | B238: 1024 | C238: 2014
A239: 41937 | B239: 1025 | C239: 2014
A240: 41938 | B240: 1026 | C240: 2014
A241: 41939 | B241: 1027 | C241: 2014
A242: 41940 | B242: 1028 | C242: 2014
A243: 41941 | B243: 1029 | C243: 2014
A244: 41942 | B244: 1030 | C244: 2014
A245: 41943 | B245: 1031 | C245: 2014
A246: 41944 | B246: 1101 | C246: 2014
A247: 41945 | B247: 1102 | C247: 2014
... A275: 41973 | B275: 1130 | C275: 2014
A276: 42216 | B276: 731 | C276: 2015 | D276: 0 | E276: 0 | F276: 0 | G276: 2 | H276: 0 | I276: 0 | J276: 6.3 | K276: 144630 | L276: 5365 | N276: Totals to date (up to July 31)
A277: 42217 | B277: 801 | C277: 2015 | D277: 0 | E277: 0 | F277: 0 | G277: 0 | H277: 0 | I277: 0 | J277: 0 | K277: 89 | L277: 17 | N277: Adult/jack sockeye counts based on biosamples applied to total sockeye counts (not based on visual counts)
A278: 42218 | B278: 802 | C278: 2015 | D278: 0 | E278: 0 | F278: 0 | G278: 0 | H278: 0 | I278: 0 | J278: 0 | K278: 115 | L278: 20
A279: 42219 | B279: 803 | C279: 2015 | D279: 1 | E279: 0 | F279: 0 | G279: 0 | H279: 0 | I279: 0 | J279: 0 | K279: 66 | L279: 10
A280: 42220 | B280: 804 | C280: 2015 | D280: 0 | E280: 0 | F280: 0 | G280: 0 | H280: 0 | I280: 0 | J280: 0 | K280: 221 | L280: 31
A281: 42221 | B281: 805 | C281: 2015 | D281: 0 | E281: 0 | F281: 0 | G281: 0 | H281: 0 | I281: 0 | J281: 0 | K281: 2296 | L281: 287
A282: 42222 | B282: 806 | C282: 2015 | D282: 2.06 | E282: 0 | F282: 0 | G282: 0 | H282: 0 | I282: 0 | J282: 0 | K282: 2960 | L282: 322
A283: 42223 | B283: 807 | C283: 2015 | D283: 3.14 | E283: 0 | F283: 0 | G283: 0 | H283: 0 | I283: 0 | J283: 0 | K283: 2898 | L283: 358
A284: 42224 | B284: 808 | C284: 2015 | D284: 0 | E284: 0 | F284: 0 | G284: 0 | H284: 0 | I284: 0 | J284: 0 | K284: 2026 | L284: 281
A285: 42225 | B285: 809 | C285: 2015 | D285: 3.34 | E285: 0 | F285: 0 | G285: 0 | H285: 0 | I285: 0 | J285: 0 | K285: 4195 | L285: 648
A286: 42226 | B286: 810 | C286: 2015 | D286: 0 | E286: 0 | F286: 0 | G286: 0 | H286: 0 | I286: 0 | J286: 0 | K286: 3166 | L286: 540
A287: 42227 | B287: 811 | C287: 2015 | D287: 0 | E287: 0 | F287: 0 | G287: 0 | H287: 0 | I287: 0 | J287: 0 | K287: 1282 | L287: 222
A288: 42228 | B288: 812 | C288: 2015 | D288: 1.21 | E288: 0 | F288: 0 | G288: 0 | H288: 0 | I288: 0 | J288: 0 | K288: 504 | L288: 89
A289: 42229 | B289: 813 | C289: 2015 | D289: 0 | E289: 0 | F289: 0 | G289: 0 | H289: 0 | I289: 0 | J289: 0 | K289: 441 | L289: 79
... A379: 42319 | B379: 1111 | C379: 2015 | D379: 0 | E379: 0 | F379: 0 | G379: 0 | H379: 0 | I379: 0 | J379: 0 | K379: 2 | L379: 0
A380: 42320 | B380: 1112 | C380: 2015
A381: 42321 | B381: 1113 | C381: 2015
A382: 42322 | B382: 1114 | C382: 2015
A383: 42323 | B383: 1115 | C383: 2015
A384: 42324 | B384: 1116 | C384: 2015
A385: 42325 | B385: 1117 | C385: 2015
A386: 42326 | B386: 1118 | C386: 2015
A387: 42327 | B387: 1119 | C387: 2015
A388: 42328 | B388: 1120 | C388: 2015
A389: 42329 | B389: 1121 | C389: 2015
A390: 42330 | B390: 1122 | C390: 2015
A391: 42331 | B391: 1123 | C391: 2015
...

Sheet  STAMP Summary
A1: STAMP FALLS COUNTS | J1: (actual counts unadjusted for verification or flooding) | U1: STAMP FALLS CHINOOK
A2: NB. All data in black requires some input. All dark blue data is calculated (but comments may need editing). | J2: 2000-2011. Counts from daylight hours. Night counts not included.
J3: 2012 onwards. Counts include both daytime and nighttime counts. | U3: ESCAPEMENTS, 2002-2014 | CL3: Jack Chinook
B4: copy new data to w:\chinook\termrbt\stamp falls | BK4: Expected Total Escapement
A5: YEAR | B5: (All) | BJ5: 21000 | BK5: 21000 | CL5: working pivot table for interest only.
B7: Data | M7: Sum of CN | N7: YEAR | CK7: Sum of JCN | CL7: YEAR | DE7: CUMULATIVE ESCAPEMENTS OF CHINOOK JACKS
A8: STDATE | B8: Adult chinook | C8: Jack Chinook | D8: Adult Coho | E8: Jack Coho | F8: Adult Sockeye | G8: Jack Sockeye | H8: Steelhead | I8: Chum | J8: Pink | M8: STDATE | N8: 2022 | O8: 2021 | P8: 2020 | Q8: 2019 | R8: 2018 | S8: 2017 | T8: 2016 | U8: 2015 | V8: 2014 | W8: 2013 | X8: 2012 | Y8: 2011 | Z8: 2010 | AA8: 2009 | AB8: 2008 | AC8: 2007 | AD8: 2006 | AE8: 2005 | AF8: 2004 | AG8: 2003 | AH8: 2002 | AI8: 2001 | AK8: 2022 | AL8: 2021 | AM8: 2020 | AN8: 2019 | AO8: 2018 | AP8: 2017 | AQ8: 2016 | AR8: 2015 | AS8: 2014 | AT8: 2013 | AU8: 2012 | AV8: 2011 | AW8: 2010 | AX8: 2009 | AY8: 2008 | AZ8: 2007 | BA8: 2006 | BB8: 2005 | BC8: 2004 | BD8: 2003 | BE8: 2002 | BF8: 2001 | BI8: 2022 | BJ8: 2021 | BK8: 2020 | BL8: 2019 | BM8: 2018 | BN8: 2017 | BO8: 2016 | BP8: 2015 | BQ8: 2014 | BR8: 2013 | BS8: 2012 | BT8: 2011 | BU8: 2010 | BV8: 2009 | BW8: 2008 | BX8: 2007 | BY8: 2006 | BZ8: 2005 | CA8: 2004 | CB8: 2003 | CC8: 2002 | CD8: 2001 | CK8: STDATE | CL8: 2019 | CM8: 2018 | CN8: 2017 | CO8: 2016 | CP8: 2015 | CQ8: 2014 | CR8: 2013 | CS8: 2012 | CT8: 2011 | CU8: 2010 | CV8: 2009 | CW8: 2008 | CX8: 2007 | CY8: 2006 | CZ8: 2005 | DA8: 2004 | DB8: 2003 | DC8: 2002 | DE8: Date | DF8: 2019 | DG8: 2018 | DH8: 2017 | DI8: 2016 | DJ8: 2015 | DK8: 2014 | DL8: 2013 | DM8: 2012 | DN8: 2011 | DO8: 2010 | DP8: 2009 | DQ8: 2008 | DR8: 2007 | DS8: 2006
A9: 0731 | B9: 108 | C9: 0 | D9: 81 | E9: 6 | F9: 299621 | G9: 125776 | H9: 817.5 | I9: 0 | J9: 1 | M9: 0731 | N9: 67 | O9: 55 | P9: 33 | Q9: 43 | R9: 12 | S9: 29 | T9: 6.5 | U9: 0 | V9: 1 | W9: 0 | X9: 0 | Y9: 0 | Z9: 0 | AA9: 0 | AB9: 0 | AC9: 0 | AD9: 0 | AE9: 0 | AF9: 0 | AG9: 0 | AH9: 0 | AI9: 0 | AK9: =N9 -> 67 | AL9: =O9 -> 55 | AM9: =P9 -> 33 | AN9: =Q9 -> 43 | AO9: =R9 -> 12 | AP9: =S9 -> 29 | AQ9: =T9 -> 6.5 | AR9: =U9 -> 0 | ... BF9: =AI9 -> 0 | BI9: =AK9/BJ$5 -> 0.0031904762 | BJ9: =IF(AL9/$BK$5>1,1,AL9/$BK$5) -> 0.0026190476 | BK9: =IF(AM9/$BK$5>1,1,AM9/$BK$5) -> 0.0015714286 | BL9: =IF(AN9/$BK$5>1,1,AN9/$BK$5) -> 0.002047619 | BM9: =IF(AO9/$BK$5>1,1,AO9/$BK$5) -> 0.00057142857 | BN9: =IF(AP9/$BK$5>1,1,AP9/$BK$5) -> 0.0013809524 | BO9: =IF(AQ9/$BK$5>1,1,AQ9/$BK$5) -> 0.00030952381 | BP9: =IF(AR9/$BK$5>1,1,AR9/$BK$5) -> 0 | BQ9: =IF(AS9/$BK$5>1,1,AS9/$BK$5) -> 4.7619048e-05 | ... CD9: =IF(BF9/$BK$5>1,1,BF9/$BK$5) -> 0 | CK9: 0731 | CL9: 0 | CM9: 0 | CN9: 2 | CO9: 0 | CP9: 0 | CQ9: 6 | CR9: 0 | CS9: 0 | CT9: 0 | CU9: 0 | CV9: 0 | CW9: 0 | CX9: 0 | CY9: 0 | CZ9: 0 | DA9: 0 | DB9: 0 | DC9: 0 | DE9: 41851 | DF9: =CL9 -> 0 | DG9: =CM9 -> 0 | DH9: =CN9 -> 2 | DI9: =CO9 -> 0 | DJ9: =CP9 -> 0 | DK9: =CQ9 -> 6 | DL9: =CR9 -> 0 | DM9: =CS9 -> 0 | ... DS9: =CY9 -> 0
A10: 0801 | B10: 16 | C10: 0 | D10: 15 | E10: 0 | F10: 930 | G10: 1074 | H10: 54 | I10: 0 | J10: 0 | M10: 0801 | N10: 7 | O10: 2 | P10: 1 | Q10: 19 | R10: 0 | S10: 6 | T10: 0 | U10: 0 | V10: 0 | W10: 0 | X10: 0 | Y10: 0 | Z10: 0 | AA10: 0 | AB10: 0 | AC10: 0 | AD10: 0 | AE10: 0 | AF10: 0 | AG10: 0 | AH10: 0 | AI10: 0 | AK10: =N10+AK9 -> 74 | AL10: =O10+AL9 -> 57 | AM10: =P10+AM9 -> 34 | AN10: =Q10+AN9 -> 62 | AO10: =R10+AO9 -> 12 | AP10: =S10+AP9 -> 35 | AQ10: =T10+AQ9 -> 6.5 | AR10: =U10+AR9 -> 0 | ... BF10: =AI10+BF9 -> 0 | BI10: =AK10/BJ$5 -> 0.0035238095 | BJ10: =IF(AL10/$BK$5>1,1,AL10/$BK$5) -> 0.0027142857 | BK10: =IF(AM10/$BK$5>1,1,AM10/$BK$5) -> 0.0016190476 | BL10: =IF(AN10/$BK$5>1,1,AN10/$BK$5) -> 0.002952381 | BM10: =IF(AO10/$BK$5>1,1,AO10/$BK$5) -> 0.00057142857 | BN10: =IF(AP10/$BK$5>1,1,AP10/$BK$5) -> 0.0016666667 | BO10: =IF(AQ10/$BK$5>1,1,AQ10/$BK$5) -> 0.00030952381 | BP10: =IF(AR10/$BK$5>1,1,AR10/$BK$5) -> 0 | BQ10: =IF(AS10/$BK$5>1,1,AS10/$BK$5) -> 4.7619048e-05 | ... CD10: =IF(BF10/$BK$5>1,1,BF10/$BK$5) -> 0 | CK10: 0801 | CL10: 0 | CM10: 0 | CN10: 0 | CO10: 0 | CP10: 0 | CQ10: 0 | CR10: 0 | CS10: 0 | CT10: 0 | CU10: 0 | CV10: 0 | CW10: 0 | CX10: 0 | CY10: 0 | CZ10: 0 | DA10: 0 | DB10: 0 | DC10: 0 | DE10: 41852 | DF10: =DF9+CL10 -> 0 | DG10: =DG9+CM10 -> 0 | DH10: =DH9+CN10 -> 2 | DI10: =DI9+CO10 -> 0 | DJ10: =DJ9+CP10 -> 0 | DK10: =DK9+CQ10 -> 6 | DL10: =DL9+CR10 -> 0 | DM10: =DM9+CS10 -> 0 | ... DS10: =DS9+CY10 -> 0
A11: 0802 | B11: 35 | C11: 2 | D11: 6 | E11: 0 | F11: 915 | G11: 1155 | H11: 77 | I11: 0 | J11: 0 | M11: 0802 | N11: 3 | O11: 2 | P11: 4 | Q11: 21 | R11: 2 | S11: 3 | T11: 7 | U11: 0 | V11: 0 | W11: 0 | X11: 0 | Y11: 0 | Z11: 0 | AA11: 0 | AB11: 0 | AC11: 0 | AD11: 0 | AE11: 0 | AF11: 0 | AG11: 0 | AH11: 0 | AI11: 0 | AK11: =N11+AK10 -> 77 | AL11: =O11+AL10 -> 59 | AM11: =P11+AM10 -> 38 | AN11: =Q11+AN10 -> 83 | AO11: =R11+AO10 -> 14 | AP11: =S11+AP10 -> 38 | AQ11: =T11+AQ10 -> 13.5 | AR11: =U11+AR10 -> 0 | ... BF11: =AI11+BF10 -> 0 | BI11: =AK11/BJ$5 -> 0.0036666667 | BJ11: =IF(AL11/$BK$5>1,1,AL11/$BK$5) -> 0.0028095238 | BK11: =IF(AM11/$BK$5>1,1,AM11/$BK$5) -> 0.0018095238 | BL11: =IF(AN11/$BK$5>1,1,AN11/$BK$5) -> 0.003952381 | BM11: =IF(AO11/$BK$5>1,1,AO11/$BK$5) -> 0.00066666667 | BN11: =IF(AP11/$BK$5>1,1,AP11/$BK$5) -> 0.0018095238 | BO11: =IF(AQ11/$BK$5>1,1,AQ11/$BK$5) -> 0.00064285714 | BP11: =IF(AR11/$BK$5>1,1,AR11/$BK$5) -> 0 | BQ11: =IF(AS11/$BK$5>1,1,AS11/$BK$5) -> 4.7619048e-05 | ... CD11: =IF(BF11/$BK$5>1,1,BF11/$BK$5) -> 0 | CK11: 0802 | CL11: 0 | CM11: 0 | CN11: 0 | CO11: 0 | CP11: 0 | CQ11: 0 | CR11: 0 | CS11: 0 | CT11: 0 | CU11: 0 | CV11: 0 | CW11: 0 | CX11: 0 | CY11: 0 | CZ11: 0 | DA11: 0 | DB11: 0 | DC11: 0 | DE11: 41853 | DF11: =DF10+CL11 -> 0 | DG11: =DG10+CM11 -> 0 | DH11: =DH10+CN11 -> 2 | DI11: =DI10+CO11 -> 0 | DJ11: =DJ10+CP11 -> 0 | DK11: =DK10+CQ11 -> 6 | DL11: =DL10+CR11 -> 0 | DM11: =DM10+CS11 -> 0 | ... DS11: =DS10+CY11 -> 0
A12: 0803 | B12: 13 | C12: 1 | D12: 0 | E12: 0 | F12: 412 | G12: 528 | H12: 25 | I12: 0 | J12: 0 | M12: 0803 | N12: 0 | O12: 4 | P12: 6 | Q12: 10 | R12: 3 | S12: 1 | T12: 3 | U12: 0 | V12: 0 | W12: 0 | X12: 0 | Y12: 0 | Z12: 0 | AA12: 0 | AB12: 0 | AC12: 0 | AD12: 0 | AE12: 0 | AF12: 0 | AG12: 0 | AH12: 0 | AI12: 0 | AK12: =N12+AK11 -> 77 | AL12: =O12+AL11 -> 63 | AM12: =P12+AM11 -> 44 | AN12: =Q12+AN11 -> 93 | AO12: =R12+AO11 -> 17 | AP12: =S12+AP11 -> 39 | AQ12: =T12+AQ11 -> 16.5 | AR12: =U12+AR11 -> 0 | ... BF12: =AI12+BF11 -> 0 | BI12: =AK12/BJ$5 -> 0.0036666667 | BJ12: =IF(AL12/$BK$5>1,1,AL12/$BK$5) -> 0.003 | BK12: =IF(AM12/$BK$5>1,1,AM12/$BK$5) -> 0.0020952381 | BL12: =IF(AN12/$BK$5>1,1,AN12/$BK$5) -> 0.0044285714 | BM12: =IF(AO12/$BK$5>1,1,AO12/$BK$5) -> 0.00080952381 | BN12: =IF(AP12/$BK$5>1,1,AP12/$BK$5) -> 0.0018571429 | BO12: =IF(AQ12/$BK$5>1,1,AQ12/$BK$5) -> 0.00078571429 | BP12: =IF(AR12/$BK$5>1,1,AR12/$BK$5) -> 0 | BQ12: =IF(AS12/$BK$5>1,1,AS12/$BK$5) -> 4.7619048e-05 | ... CD12: =IF(BF12/$BK$5>1,1,BF12/$BK$5) -> 0 | CK12: 0803 | CL12: 0 | CM12: 0 | CN12: 0 | CO12: 0 | CP12: 0 | CQ12: 0 | CR12: 0 | CS12: 0 | CT12: 0 | CU12: 0 | CV12: 0 | CW12: 0 | CX12: 0 | CY12: 0 | CZ12: 0 | DA12: 0 | DB12: 0 | DC12: 0 | DE12: 41854 | DF12: =DF11+CL12 -> 0 | DG12: =DG11+CM12 -> 0 | DH12: =DH11+CN12 -> 2 | DI12: =DI11+CO12 -> 0 | DJ12: =DJ11+CP12 -> 0 | DK12: =DK11+CQ12 -> 6 | DL12: =DL11+CR12 -> 0 | DM12: =DM11+CS12 -> 0 | ... DS12: =DS11+CY12 -> 0
A13: 0804 | B13: 14 | C13: 0 | D13: 2 | E13: 1 | F13: 600 | G13: 600 | H13: 55 | I13: 0 | J13: 0 | M13: 0804 | N13: 4 | O13: 0 | P13: 3 | Q13: 20 | R13: 8 | S13: 2 | T13: 12 | U13: 0 | V13: 0 | W13: 0 | X13: 0 | Y13: 0 | Z13: 0 | AA13: 0 | AB13: 0 | AC13: 0 | AD13: 0 | AE13: 0 | AF13: 0 | AG13: 0 | AH13: 0 | AI13: 0 | AK13: =N13+AK12 -> 81 | AL13: =O13+AL12 -> 63 | AM13: =P13+AM12 -> 47 | AN13: =Q13+AN12 -> 113 | AO13: =R13+AO12 -> 25 | AP13: =S13+AP12 -> 41 | AQ13: =T13+AQ12 -> 28.5 | AR13: =U13+AR12 -> 0 | ... BF13: =AI13+BF12 -> 0 | BI13: =AK13/BJ$5 -> 0.0038571429 | BJ13: =IF(AL13/$BK$5>1,1,AL13/$BK$5) -> 0.003 | BK13: =IF(AM13/$BK$5>1,1,AM13/$BK$5) -> 0.0022380952 | BL13: =IF(AN13/$BK$5>1,1,AN13/$BK$5) -> 0.0053809524 | BM13: =IF(AO13/$BK$5>1,1,AO13/$BK$5) -> 0.0011904762 | BN13: =IF(AP13/$BK$5>1,1,AP13/$BK$5) -> 0.001952381 | BO13: =IF(AQ13/$BK$5>1,1,AQ13/$BK$5) -> 0.0013571429 | BP13: =IF(AR13/$BK$5>1,1,AR13/$BK$5) -> 0 | BQ13: =IF(AS13/$BK$5>1,1,AS13/$BK$5) -> 4.7619048e-05 | ... CD13: =IF(BF13/$BK$5>1,1,BF13/$BK$5) -> 0 | CK13: 0804 | CL13: 0 | CM13: 0 | CN13: 0 | CO13: 0 | CP13: 0 | CQ13: 0 | CR13: 0 | CS13: 0 | CT13: 0 | CU13: 0 | CV13: 0 | CW13: 0 | CX13: 0 | CY13: 0 | CZ13: 0 | DA13: 0 | DB13: 0 | DC13: 0 | DE13: 41855 | DF13: =DF12+CL13 -> 0 | DG13: =DG12+CM13 -> 0 | DH13: =DH12+CN13 -> 2 | DI13: =DI12+CO13 -> 0 | DJ13: =DJ12+CP13 -> 0 | DK13: =DK12+CQ13 -> 6 | DL13: =DL12+CR13 -> 0 | DM13: =DM12+CS13 -> 0 | ... DS13: =DS12+CY13 -> 0
A14: 0805 | B14: 30 | C14: 0 | D14: 7 | E14: 1 | F14: 665 | G14: 531 | H14: 35 | I14: 0 | J14: 0 | M14: 0805 | N14: 4 | O14: 1 | P14: 11 | Q14: 16 | R14: 10 | S14: 0 | T14: 4 | U14: 3 | V14: 0 | W14: 0 | X14: 0 | Y14: 0 | Z14: 0 | AA14: 0 | AB14: 0 | AC14: 0 | AD14: 0 | AE14: 0 | AF14: 0 | AG14: 0 | AH14: 0 | AI14: 0 | AK14: =N14+AK13 -> 85 | AL14: =O14+AL13 -> 64 | AM14: =P14+AM13 -> 58 | AN14: =Q14+AN13 -> 129 | AO14: =R14+AO13 -> 35 | AP14: =S14+AP13 -> 41 | AQ14: =T14+AQ13 -> 32.5 | AR14: =U14+AR13 -> 3 | ... BF14: =AI14+BF13 -> 0 | BI14: =AK14/BJ$5 -> 0.004047619 | BJ14: =IF(AL14/$BK$5>1,1,AL14/$BK$5) -> 0.003047619 | BK14: =IF(AM14/$BK$5>1,1,AM14/$BK$5) -> 0.0027619048 | BL14: =IF(AN14/$BK$5>1,1,AN14/$BK$5) -> 0.0061428571 | BM14: =IF(AO14/$BK$5>1,1,AO14/$BK$5) -> 0.0016666667 | BN14: =IF(AP14/$BK$5>1,1,AP14/$BK$5) -> 0.001952381 | BO14: =IF(AQ14/$BK$5>1,1,AQ14/$BK$5) -> 0.001547619 | BP14: =IF(AR14/$BK$5>1,1,AR14/$BK$5) -> 0.00014285714 | BQ14: =IF(AS14/$BK$5>1,1,AS14/$BK$5) -> 4.7619048e-05 | ... CD14: =IF(BF14/$BK$5>1,1,BF14/$BK$5) -> 0 | CK14: 0805 | CL14: 0 | CM14: 0 | CN14: 0 | CO14: 0 | CP14: 0 | CQ14: 0 | CR14: 0 | CS14: 0 | CT14: 0 | CU14: 0 | CV14: 0 | CW14: 0 | CX14: 0 | CY14: 0 | CZ14: 0 | DA14: 0 | DB14: 0 | DC14: 0 | DE14: 41856 | DF14: =DF13+CL14 -> 0 | DG14: =DG13+CM14 -> 0 | DH14: =DH13+CN14 -> 2 | DI14: =DI13+CO14 -> 0 | DJ14: =DJ13+CP14 -> 0 | DK14: =DK13+CQ14 -> 6 | DL14: =DL13+CR14 -> 0 | DM14: =DM13+CS14 -> 0 | ... DS14: =DS13+CY14 -> 0
A15: 0806 | B15: 51 | C15: 1 | D15: 36 | E15: 4 | F15: 1224 | G15: 617 | H15: 103 | I15: 0 | J15: 0 | M15: 0806 | N15: 12 | O15: 2 | P15: 12 | Q15: 26 | R15: 1 | S15: 6 | T15: 12 | U15: 0 | V15: 3 | W15: 0 | X15: 0 | Y15: 0 | Z15: 0 | AA15: 0 | AB15: 0 | AC15: 0 | AD15: 0 | AE15: 0 | AF15: 0 | AG15: 0 | AH15: 0 | AI15: 0 | AK15: =N15+AK14 -> 97 | AL15: =O15+AL14 -> 66 | AM15: =P15+AM14 -> 70 | AN15: =Q15+AN14 -> 155 | AO15: =R15+AO14 -> 36 | AP15: =S15+AP14 -> 47 | AQ15: =T15+AQ14 -> 44.5 | AR15: =U15+AR14 -> 3 | ... BF15: =AI15+BF14 -> 0 | BI15: =AK15/BJ$5 -> 0.0046190476 | BJ15: =IF(AL15/$BK$5>1,1,AL15/$BK$5) -> 0.0031428571 | BK15: =IF(AM15/$BK$5>1,1,AM15/$BK$5) -> 0.0033333333 | BL15: =IF(AN15/$BK$5>1,1,AN15/$BK$5) -> 0.0073809524 | BM15: =IF(AO15/$BK$5>1,1,AO15/$BK$5) -> 0.0017142857 | BN15: =IF(AP15/$BK$5>1,1,AP15/$BK$5) -> 0.0022380952 | BO15: =IF(AQ15/$BK$5>1,1,AQ15/$BK$5) -> 0.0021190476 | BP15: =IF(AR15/$BK$5>1,1,AR15/$BK$5) -> 0.00014285714 | BQ15: =IF(AS15/$BK$5>1,1,AS15/$BK$5) -> 0.00019047619 | ... CD15: =IF(BF15/$BK$5>1,1,BF15/$BK$5) -> 0 | CK15: 0806 | CL15: 1 | CM15: 0 | CN15: 0 | CO15: 0 | CP15: 0 | CQ15: 0 | CR15: 0 | CS15: 0 | CT15: 0 | CU15: 0 | CV15: 0 | CW15: 0 | CX15: 0 | CY15: 0 | CZ15: 0 | DA15: 0 | DB15: 0 | DC15: 0 | DE15: 41857 | DF15: =DF14+CL15 -> 1 | DG15: =DG14+CM15 -> 0 | DH15: =DH14+CN15 -> 2 | DI15: =DI14+CO15 -> 0 | DJ15: =DJ14+CP15 -> 0 | DK15: =DK14+CQ15 -> 6 | DL15: =DL14+CR15 -> 0 | DM15: =DM14+CS15 -> 0 | ... DS15: =DS14+CY15 -> 0
A16: 0807 | B16: 46 | C16: 0 | D16: 8 | E16: 1 | F16: 968 | G16: 311 | H16: 56 | I16: 0 | J16: 0 | M16: 0807 | N16: 42 | O16: 27 | P16: 5 | Q16: 27 | R16: 1 | S16: 7 | T16: 13 | U16: 0 | V16: 0 | W16: 0 | X16: 0 | Y16: 0 | Z16: 0 | AA16: 0 | AB16: 0 | AC16: 0 | AD16: 0 | AE16: 0 | AF16: 0 | AG16: 0 | AH16: 0 | AI16: 0 | AK16: =N16+AK15 -> 139 | AL16: =O16+AL15 -> 93 | AM16: =P16+AM15 -> 75 | AN16: =Q16+AN15 -> 182 | AO16: =R16+AO15 -> 37 | AP16: =S16+AP15 -> 54 | AQ16: =T16+AQ15 -> 57.5 | AR16: =U16+AR15 -> 3 | ... BF16: =AI16+BF15 -> 0 | BI16: =AK16/BJ$5 -> 0.0066190476 | BJ16: =IF(AL16/$BK$5>1,1,AL16/$BK$5) -> 0.0044285714 | BK16: =IF(AM16/$BK$5>1,1,AM16/$BK$5) -> 0.0035714286 | BL16: =IF(AN16/$BK$5>1,1,AN16/$BK$5) -> 0.0086666667 | BM16: =IF(AO16/$BK$5>1,1,AO16/$BK$5) -> 0.0017619048 | BN16: =IF(AP16/$BK$5>1,1,AP16/$BK$5) -> 0.0025714286 | BO16: =IF(AQ16/$BK$5>1,1,AQ16/$BK$5) -> 0.0027380952 | BP16: =IF(AR16/$BK$5>1,1,AR16/$BK$5) -> 0.00014285714 | BQ16: =IF(AS16/$BK$5>1,1,AS16/$BK$5) -> 0.00019047619 | ... CD16: =IF(BF16/$BK$5>1,1,BF16/$BK$5) -> 0 | CK16: 0807 | CL16: 0 | CM16: 0 | CN16: 1 | CO16: 0 | CP16: 0 | CQ16: 0 | CR16: 0 | CS16: 0 | CT16: 0 | CU16: 0 | CV16: 0 | CW16: 0 | CX16: 0 | CY16: 0 | CZ16: 0 | DA16: 0 | DB16: 0 | DC16: 0 | DE16: 41858 | DF16: =DF15+CL16 -> 1 | DG16: =DG15+CM16 -> 0 | DH16: =DH15+CN16 -> 3 | DI16: =DI15+CO16 -> 0 | DJ16: =DJ15+CP16 -> 0 | DK16: =DK15+CQ16 -> 6 | DL16: =DL15+CR16 -> 0 | DM16: =DM15+CS16 -> 0 | ... DS16: =DS15+CY16 -> 0
A17: 0808 | B17: 92 | C17: 0 | D17: 14 | E17: 0 | F17: 704 | G17: 277 | H17: 64 | I17: 0 | J17: 0 | M17: 0808 | N17: 64 | O17: 26 | P17: 14 | Q17: 17 | R17: 0 | S17: 7 | T17: 11 | U17: 6 | V17: 3 | W17: 0 | X17: 0 | Y17: 0 | Z17: 0 | AA17: 0 | AB17: 0 | AC17: 0 | AD17: 0 | AE17: 0 | AF17: 0 | AG17: 0 | AH17: 0 | AI17: 0 | AK17: =N17+AK16 -> 203 | AL17: =O17+AL16 -> 119 | AM17: =P17+AM16 -> 89 | AN17: =Q17+AN16 -> 199 | AO17: =R17+AO16 -> 37 | AP17: =S17+AP16 -> 61 | AQ17: =T17+AQ16 -> 68.5 | AR17: =U17+AR16 -> 9 | ... BF17: =AI17+BF16 -> 0 | BI17: =AK17/BJ$5 -> 0.0096666667 | BJ17: =IF(AL17/$BK$5>1,1,AL17/$BK$5) -> 0.0056666667 | BK17: =IF(AM17/$BK$5>1,1,AM17/$BK$5) -> 0.0042380952 | BL17: =IF(AN17/$BK$5>1,1,AN17/$BK$5) -> 0.0094761905 | BM17: =IF(AO17/$BK$5>1,1,AO17/$BK$5) -> 0.0017619048 | BN17: =IF(AP17/$BK$5>1,1,AP17/$BK$5) -> 0.0029047619 | BO17: =IF(AQ17/$BK$5>1,1,AQ17/$BK$5) -> 0.0032619048 | BP17: =IF(AR17/$BK$5>1,1,AR17/$BK$5) -> 0.00042857143 | BQ17: =IF(AS17/$BK$5>1,1,AS17/$BK$5) -> 0.00033333333 | ... CD17: =IF(BF17/$BK$5>1,1,BF17/$BK$5) -> 0 | CK17: 0808 | CL17: 1 | CM17: 0 | CN17: 0 | CO17: 0 | CP17: 1 | CQ17: 0 | CR17: 0 | CS17: 0 | CT17: 0 | CU17: 0 | CV17: 0 | CW17: 0 | CX17: 0 | CY17: 0 | CZ17: 0 | DA17: 0 | DB17: 0 | DC17: 0 | DE17: 41859 | DF17: =DF16+CL17 -> 2 | DG17: =DG16+CM17 -> 0 | DH17: =DH16+CN17 -> 3 | DI17: =DI16+CO17 -> 0 | DJ17: =DJ16+CP17 -> 1 | DK17: =DK16+CQ17 -> 6 | DL17: =DL16+CR17 -> 0 | DM17: =DM16+CS17 -> 0 | ... DS17: =DS16+CY17 -> 0
A18: 0809 | B18: 41 | C18: 0 | D18: 17 | E18: 6 | F18: 555 | G18: 174 | H18: 35 | I18: 0 | J18: 0 | M18: 0809 | N18: 27 | O18: 51 | P18: 11 | Q18: 18 | R18: 0 | S18: 3 | T18: 8 | U18: 3 | V18: 6 | W18: 0 | X18: 0 | Y18: 0 | Z18: 0 | AA18: 0 | AB18: 0 | AC18: 0 | AD18: 0 | AE18: 0 | AF18: 0 | AG18: 0 | AH18: 0 | AI18: 0 | AK18: =N18+AK17 -> 230 | AL18: =O18+AL17 -> 170 | AM18: =P18+AM17 -> 100 | AN18: =Q18+AN17 -> 217 | AO18: =R18+AO17 -> 37 | AP18: =S18+AP17 -> 64 | AQ18: =T18+AQ17 -> 76.5 | AR18: =U18+AR17 -> 12 | ... BF18: =AI18+BF17 -> 0 | BI18: =AK18/BJ$5 -> 0.010952381 | BJ18: =IF(AL18/$BK$5>1,1,AL18/$BK$5) -> 0.0080952381 | BK18: =IF(AM18/$BK$5>1,1,AM18/$BK$5) -> 0.0047619048 | BL18: =IF(AN18/$BK$5>1,1,AN18/$BK$5) -> 0.010333333 | BM18: =IF(AO18/$BK$5>1,1,AO18/$BK$5) -> 0.0017619048 | BN18: =IF(AP18/$BK$5>1,1,AP18/$BK$5) -> 0.003047619 | BO18: =IF(AQ18/$BK$5>1,1,AQ18/$BK$5) -> 0.0036428571 | BP18: =IF(AR18/$BK$5>1,1,AR18/$BK$5) -> 0.00057142857 | BQ18: =IF(AS18/$BK$5>1,1,AS18/$BK$5) -> 0.00061904762 | ... CD18: =IF(BF18/$BK$5>1,1,BF18/$BK$5) -> 0 | CK18: 0809 | CL18: 0 | CM18: 0 | CN18: 0 | CO18: 1 | CP18: 0 | CQ18: 0 | CR18: 0 | CS18: 0 | CT18: 0 | CU18: 0 | CV18: 0 | CW18: 0 | CX18: 0 | CY18: 0 | CZ18: 0 | DA18: 0 | DB18: 0 | DC18: 0 | DE18: 41860 | DF18: =DF17+CL18 -> 2 | DG18: =DG17+CM18 -> 0 | DH18: =DH17+CN18 -> 3 | DI18: =DI17+CO18 -> 1 | DJ18: =DJ17+CP18 -> 1 | DK18: =DK17+CQ18 -> 6 | DL18: =DL17+CR18 -> 0 | DM18: =DM17+CS18 -> 0 | ... DS18: =DS17+CY18 -> 0
A19: 0810 | B19: 84 | C19: 1 | D19: 33 | E19: 0 | F19: 732 | G19: 188 | H19: 27 | I19: 0 | J19: 0 | M19: 0810 | N19: 61 | O19: 23 | P19: 44 | Q19: 52 | R19: 2 | S19: 3 | T19: 8.5 | U19: 3 | V19: 15 | W19: 0 | X19: 0 | Y19: 0 | Z19: 0 | AA19: 0 | AB19: 0 | AC19: 0 | AD19: 0 | AE19: 0 | AF19: 0 | AG19: 0 | AH19: 0 | AI19: 0 | AK19: =N19+AK18 -> 291 | AL19: =O19+AL18 -> 193 | AM19: =P19+AM18 -> 144 | AN19: =Q19+AN18 -> 269 | AO19: =R19+AO18 -> 39 | AP19: =S19+AP18 -> 67 | AQ19: =T19+AQ18 -> 85 | AR19: =U19+AR18 -> 15 | ... BF19: =AI19+BF18 -> 0 | BI19: =AK19/BJ$5 -> 0.013857143 | BJ19: =IF(AL19/$BK$5>1,1,AL19/$BK$5) -> 0.0091904762 | BK19: =IF(AM19/$BK$5>1,1,AM19/$BK$5) -> 0.0068571429 | BL19: =IF(AN19/$BK$5>1,1,AN19/$BK$5) -> 0.012809524 | BM19: =IF(AO19/$BK$5>1,1,AO19/$BK$5) -> 0.0018571429 | BN19: =IF(AP19/$BK$5>1,1,AP19/$BK$5) -> 0.0031904762 | BO19: =IF(AQ19/$BK$5>1,1,AQ19/$BK$5) -> 0.004047619 | BP19: =IF(AR19/$BK$5>1,1,AR19/$BK$5) -> 0.00071428571 | BQ19: =IF(AS19/$BK$5>1,1,AS19/$BK$5) -> 0.0013333333 | ... CD19: =IF(BF19/$BK$5>1,1,BF19/$BK$5) -> 0 | CK19: 0810 | CL19: 0 | CM19: 0 | CN19: 0 | CO19: 1 | CP19: 0 | CQ19: 1 | CR19: 0 | CS19: 0 | CT19: 0 | CU19: 0 | CV19: 0 | CW19: 0 | CX19: 0 | CY19: 0 | CZ19: 0 | DA19: 0 | DB19: 0 | DC19: 0 | DE19: 41861 | DF19: =DF18+CL19 -> 2 | DG19: =DG18+CM19 -> 0 | DH19: =DH18+CN19 -> 3 | DI19: =DI18+CO19 -> 2 | DJ19: =DJ18+CP19 -> 1 | DK19: =DK18+CQ19 -> 7 | DL19: =DL18+CR19 -> 0 | DM19: =DM18+CS19 -> 0 | ... DS19: =DS18+CY19 -> 0
A20: 0811 | B20: 57 | C20: 0 | D20: 86 | E20: 0 | F20: 689 | G20: 159 | H20: 27 | I20: 0 | J20: 0 | M20: 0811 | N20: 26 | O20: 16 | P20: 43 | Q20: 60 | R20: 0 | S20: 2 | T20: 16 | U20: 12 | V20: 8 | W20: 0 | X20: 0 | Y20: 0 | Z20: 0 | AA20: 0 | AB20: 0 | AC20: 0 | AD20: 0 | AE20: 0 | AF20: 0 | AG20: 0 | AH20: 0 | AI20: 0 | AK20: =N20+AK19 -> 317 | AL20: =O20+AL19 -> 209 | AM20: =P20+AM19 -> 187 | AN20: =Q20+AN19 -> 329 | AO20: =R20+AO19 -> 39 | AP20: =S20+AP19 -> 69 | AQ20: =T20+AQ19 -> 101 | AR20: =U20+AR19 -> 27 | ... BF20: =AI20+BF19 -> 0 | BI20: =AK20/BJ$5 -> 0.015095238 | BJ20: =IF(AL20/$BK$5>1,1,AL20/$BK$5) -> 0.009952381 | BK20: =IF(AM20/$BK$5>1,1,AM20/$BK$5) -> 0.0089047619 | BL20: =IF(AN20/$BK$5>1,1,AN20/$BK$5) -> 0.015666667 | BM20: =IF(AO20/$BK$5>1,1,AO20/$BK$5) -> 0.0018571429 | BN20: =IF(AP20/$BK$5>1,1,AP20/$BK$5) -> 0.0032857143 | BO20: =IF(AQ20/$BK$5>1,1,AQ20/$BK$5) -> 0.0048095238 | BP20: =IF(AR20/$BK$5>1,1,AR20/$BK$5) -> 0.0012857143 | BQ20: =IF(AS20/$BK$5>1,1,AS20/$BK$5) -> 0.0017142857 | ... CD20: =IF(BF20/$BK$5>1,1,BF20/$BK$5) -> 0 | CK20: 0811 | CL20: 0 | CM20: 0 | CN20: 0 | CO20: 0 | CP20: 0 | CQ20: 1 | CR20: 0 | CS20: 0 | CT20: 0 | CU20: 0 | CV20: 0 | CW20: 0 | CX20: 0 | CY20: 0 | CZ20: 0 | DA20: 0 | DB20: 0 | DC20: 0 | DE20: 41862 | DF20: =DF19+CL20 -> 2 | DG20: =DG19+CM20 -> 0 | DH20: =DH19+CN20 -> 3 | DI20: =DI19+CO20 -> 2 | DJ20: =DJ19+CP20 -> 1 | DK20: =DK19+CQ20 -> 8 | DL20: =DL19+CR20 -> 0 | DM20: =DM19+CS20 -> 0 | ... DS20: =DS19+CY20 -> 0
A21: 0812 | B21: 135 | C21: 1 | D21: 66 | E21: 4 | F21: 594 | G21: 165 | H21: 16 | I21: 0 | J21: 0 | M21: 0812 | N21: 55 | O21: 9 | P21: 33 | Q21: 98 | R21: 5 | S21: 9 | T21: 36 | U21: 15 | V21: 15 | W21: 0 | X21: 0 | Y21: 0 | Z21: 0 | AA21: 0 | AB21: 0 | AC21: 0 | AD21: 0 | AE21: 0 | AF21: 0 | AG21: 0 | AH21: 0 | AI21: 0 | AK21: =N21+AK20 -> 372 | AL21: =O21+AL20 -> 218 | AM21: =P21+AM20 -> 220 | AN21: =Q21+AN20 -> 427 | AO21: =R21+AO20 -> 44 | AP21: =S21+AP20 -> 78 | AQ21: =T21+AQ20 -> 137 | AR21: =U21+AR20 -> 42 | ... BF21: =AI21+BF20 -> 0 | BI21: =AK21/BJ$5 -> 0.017714286 | BJ21: =IF(AL21/$BK$5>1,1,AL21/$BK$5) -> 0.010380952 | BK21: =IF(AM21/$BK$5>1,1,AM21/$BK$5) -> 0.01047619 | BL21: =IF(AN21/$BK$5>1,1,AN21/$BK$5) -> 0.020333333 | BM21: =IF(AO21/$BK$5>1,1,AO21/$BK$5) -> 0.0020952381 | BN21: =IF(AP21/$BK$5>1,1,AP21/$BK$5) -> 0.0037142857 | BO21: =IF(AQ21/$BK$5>1,1,AQ21/$BK$5) -> 0.0065238095 | BP21: =IF(AR21/$BK$5>1,1,AR21/$BK$5) -> 0.002 | BQ21: =IF(AS21/$BK$5>1,1,AS21/$BK$5) -> 0.0024285714 | ... CD21: =IF(BF21/$BK$5>1,1,BF21/$BK$5) -> 0 | CK21: 0812 | CL21: 0 | CM21: 0 | CN21: 0 | CO21: 0 | CP21: 0 | CQ21: 1 | CR21: 0 | CS21: 0 | CT21: 0 | CU21: 0 | CV21: 0 | CW21: 0 | CX21: 0 | CY21: 0 | CZ21: 0 | DA21: 0 | DB21: 0 | DC21: 0 | DE21: 41863 | DF21: =DF20+CL21 -> 2 | DG21: =DG20+CM21 -> 0 | DH21: =DH20+CN21 -> 3 | DI21: =DI20+CO21 -> 2 | DJ21: =DJ20+CP21 -> 1 | DK21: =DK20+CQ21 -> 9 | DL21: =DL20+CR21 -> 0 | DM21: =DM20+CS21 -> 0 | ... DS21: =DS20+CY21 -> 0
... A131: 1130 | B131: 0 | C131: 0 | D131: 0 | E131: 2 | F131: 0 | G131: 0 | H131: 0 | I131: 0 | J131: 0 | M131: 1130 | N131: 0 | O131: 0 | P131: 0 | Q131: 0 | R131: 0 | S131: 0 | T131: 0 | U131: 0 | V131: 0 | W131: 0 | X131: 0 | Y131: 0 | Z131: 0 | AA131: 0 | AB131: 0 | AC131: 0 | AD131: 0 | AE131: 0 | AF131: 0 | AG131: 0 | AH131: 0 | AI131: 0 | AK131: =N131+AK130 -> 61962 | AL131: =O131+AL130 -> 54679 | AM131: =P131+AM130 -> 38594.5 | AN131: =Q131+AN130 -> 34605.69 | AO131: =R131+AO130 -> 44384.5 | AP131: =S131+AP130 -> 41473.5 | AQ131: =T131+AQ130 -> 47232.5 | AR131: =U131+AR130 -> 54789.99 | ... BF131: =AI131+BF130 -> 27706 | BI131: =AK131/BJ$5 -> 2.9505714 | BJ131: =IF(AL131/$BK$5>1,1,AL131/$BK$5) -> 1 | BK131: =IF(AM131/$BK$5>1,1,AM131/$BK$5) -> 1 | BL131: =IF(AN131/$BK$5>1,1,AN131/$BK$5) -> 1 | BM131: =IF(AO131/$BK$5>1,1,AO131/$BK$5) -> 1 | BN131: =IF(AP131/$BK$5>1,1,AP131/$BK$5) -> 1 | BO131: =IF(AQ131/$BK$5>1,1,AQ131/$BK$5) -> 1 | BP131: =IF(AR131/$BK$5>1,1,AR131/$BK$5) -> 1 | BQ131: =IF(AS131/$BK$5>1,1,AS131/$BK$5) -> 0.74977706 | ... CD131: =IF(BF131/$BK$5>1,1,BF131/$BK$5) -> 1 | CK131: 1130 | CL131: 0 | CM131: 0 | CN131: 0 | CO131: 0 | CP131: 0 | CQ131: 0 | CR131: 0 | CS131: 0 | CT131: 0 | CU131: 0 | CV131: 0 | CW131: 0 | CX131: 0 | CY131: 0 | CZ131: 0 | DA131: 0 | DB131: 0 | DC131: 0 | DE131: 41973 | DF131: =DF130+CL131 -> 2961.66 | DG131: =DG130+CM131 -> 1567.5 | DH131: =DH130+CN131 -> 9459.5 | DI131: =DI130+CO131 -> 5203.5 | DJ131: =DJ130+CP131 -> 1805.5 | DK131: =DK130+CQ131 -> 6076.6818 | DL131: =DL130+CR131 -> 661.5 | DM131: =DM130+CS131 -> 2133 | ... DS131: =DS130+CY131 -> 911
A132: Grand Total | B132: 168682.16 | C132: 9385 | D132: 45002.93 | E132: 6306 | F132: 312787.1 | G132: 133073 | H132: 2288.5 | I132: 124 | J132: 38 | M132: Grand Total | N132: 61962 | O132: 54679 | P132: 38594.5 | Q132: 34605.69 | R132: 44384.5 | S132: 41473.5 | T132: 47232.5 | U132: 54789.99 | V132: 15745.318 | W132: 28571.855 | X132: 14944 | Y132: 26269 | Z132: 24942 | AA132: 11646 | AB132: 21080 | AC132: 16953 | AD132: 52773 | AE132: 28935 | AF132: 64808 | AG132: 40227.75 | AH132: 32690 | AI132: 27706 | CK132: Grand Total | CL132: 2961.66 | CM132: 1567.5 | CN132: 9459.5 | CO132: 5203.5 | CP132: 1805.5 | CQ132: 6076.6818 | CR132: 661.5 | CS132: 2133 | CT132: 708 | CU132: 1369 | CV132: 3839 | CW132: 925 | CX132: 2034 | CY132: 911 | CZ132: 5813 | DA132: 2487 | DB132: 5496 | DC132: 2438
B136: Data
A137: YEAR | B137: Sum of CN | C137: Sum of JCN
A138: 1986 | B138: 35121 | C138: 0
A139: 1987 | B139: 53216 | C139: 0
A140: 1988 | B140: 66171 | C140: 10149
A141: 1989 | B141: 60316 | C141: 16023
A142: 1990 | B142: 117106 | C142: 18149
A143: 1991 | B143: 114414 | C143: 17843
A144: 1992 | B144: 140805 | C144: 4056
A145: 1993 | B145: 96257 | C145: 1808
A146: 1994 | B146: 57678 | C146: 957
A147: 1995 | B147: 27162 | C147: 2500
A148: 1996 | B148: 27338 | C148: 1796
A149: 1997 | B149: 26115 | C149: 643
... A174: 2022 | B174: 72900.6 | C174: 5625
A175: 2023 | B175: 95781.56 | C175: 3760 | E175: YEAR | F175: Sum of ST | G175: Sum of ST | H175: TOTAL
A176: Grand Total | B176: 1770352.8 | C176: 157809.84 | E176: 2017 | F176: 1544 | G176: 108.47 | H176: =SUM(F176:G176) -> 1652.47
E177: 2016 | F177: 636.1 | G177: 29.41 | H177: =SUM(F177:G177) -> 665.51
E178: 2015 | F178: 729.09 | G178: 34.3 | H178: =SUM(F178:G178) -> 763.39
E179: 2014 | F179: 1709.3636 | G179: 143.08473 | H179: =SUM(F179:G179) -> 1852.4484
E180: 2013 | F180: 1963 | G180: 414 | H180: =SUM(F180:G180) -> 2377
E181: 2012 | F181: 443
E182: 2011 | F182: 690
E183: 2010 | F183: 651
E184: 2009 | F184: 956
E185: 2008 | F185: 603
E186: 2007 | F186: 293
E187: 2006 | F187: 776
E188: 2005 | F188: 441
E189: 2004 | F189: 374
E190: 2003 | F190: 583.75
E191: 2002 | F191: 1401
E192: 2001 | F192: 2007
... E202: 1991 | F202: 396
F203: 23292.304

Sheet FINAL_ESC (with adj)
A1: FINAL Escapement Estimates. | M1: Coho clip rate from unexpanded and uninterpolated counts is found on CO mark rate tab
A2: Final Chinook estimates from yearly Stamp CN Summary.xls files (including adjustments by Jeff Till between jack/adult numbers) | M2: The table below is the total estimated number of clipped/unclipped/not checked adult and jack coho
A3: Final coho estimates from 'Summary' tab. Any adjustments to coho estimates are described below. | M3: Includes expansions and interpolations
M5: Year | N5: Coho Adults | Q5: Coho Jacks | T5: Adjustment | U5: file
A6: Year | B6: Adult chinook | C6: Jack Chinook | D6: Adult Coho | E6: Jack Coho | F6: Adjustments | G6: Date revised | H6: File | N6: not checked | O6: unclipped | P6: clipped | Q6: not checked | R6: unclipped | S6: clipped
A7: 2015 | B7: 55476.28 | C7: 1781.72 | D7: 12776 | E7: 2748 | F7: Assumed 662 CN jacks had been counted as coho. Reduced adult coho count by 662, increased CN jack count by 662. Jeff Till | G7: 42401 | H7: Rbt2015\Stamp CN Summary, 2015.xlsx | M7: 2015 | N7: 329 | O7: 5141 | P7: 7306 | Q7: 183 | R7: 1867.24 | S7: 697.5 | T7: clip rates were applied to new adult coho total (13438-662 adults) | U7: X:\WCVI\SOCKEYE\SOMASS\Data\ESCAPEMENT_PROGRAM\Somass 2015\2015 Inseason Somass Counts.xlsx
A8: 2016 | B8: 46859 | C8: 6294 | D8: 23001.5 | E8: 3718 | F8: 716 adult coho removed and added as Chinook jacks. (Revised jack catch sample rate to be the same as rate for adult males, and reduced the SF estimate of coho by an equivalent 716 fish. ) Jeff Till. | G8: 42767 | H8: Rbt2016\Stamp CN Summary, 2016.xlsx | M8: 2016 | N8: 1669.0453 | O8: 10821.155 | P8: 10511.3 | Q8: 494 | R8: 2304 | S8: 920 | T8: clip rates were applied to new adult coho total (23718 adults-716adults) | U8: ..\..\SOCKEYE\SOMASS\Data\ESCAPEMENT_PROGRAM\Somass 2016\2016 Final Post-Season Somass Counts.xlsx

Sheet CN Graph
B2: NB 1996-2011 are all daytime counts only except for 1998 which includes nighttime counts due to 24 hour fishway operation that year.
B3: 2012 to 2018 include both day and night counts. Would reduce by approx 30% to equate to previous years.
F32: Expected Escapement | Z32: Use this to set the scale of the chart. | AE32: Jeffs updated prediction | AF32: Predicted PSARC total esc. | AG32: Predicted nighttime migration | AH32: predicted daytime migration | BI32: Cumulative chinook Jacks | BK32: Estimated Escapement
F33: 21000 | G33: Escapement target in 2022 = 21000 | BK33: 2823 | BL33: in 2019: used avg jack esc from 2006-2018
F34: 21000 | AF34: 35000 | AG34: =0*AF34 -> 0 | AH34: =AF34-AG34 -> 35000 | BI34: Daytime migration forecast ( used to use 85% of total). | BK34: 2823
H35: =MAX($C$41:$C$163)*1/(VLOOKUP(CONCATENATE(DAY(TODAY()),"-",TEXT(TODAY(),"mmm")),$Z$40:$AY$163,19,FALSE)) -> #N/A | I35: = projected based on average proportion of escapement to date
H36: =MAX($C$41:$C$163)*1/(VLOOKUP(CONCATENATE(DAY(TODAY()),"-",TEXT(TODAY(),"mmm")),$Z$40:$AY$163,20,FALSE)) -> #N/A | I36: = projected based on lower 90% quantile of escapement to date
H37: =MAX($C$41:$C$163)*1/(VLOOKUP(CONCATENATE(DAY(TODAY()),"-",TEXT(TODAY(),"mmm")),$Z$40:$AY$163,21,FALSE)) -> #N/A | I37: = projected based on upper 90% quantile of escapement to date
B39: CUMULATIVE DAILY ADULT CHINOOK ESCAPEMENT THROUGH STAMP FALLS | Z39: CUMULATIVE % OF 21000 ADULT CHINOOK ESCAPEMENT THROUGH STAMP FALLS | BI39: CUMULATIVE DAILY JACK CHINOOK ESCAPEMENT THROUGH STAMP FALLS | BY39: CUMULATIVE % OF FINAL JACK CHINOOK ESCAPEMENT THROUGH STAMP FALLS (current year based on expected escapement)
B40: DATE | C40: 2022 | D40: 2021 | E40: 2020 | F40: 2019 | G40: 2018 | H40: 2017 | I40: 2016 | J40: 2015 | K40: 2014 | L40: 2013 | M40: 2012 | N40: 2011 | O40: 2010 | P40: 2009 | Q40: 2008 | R40: 2007 | S40: 2006 | T40: 2005 | U40: 2004 | V40: 2003 | W40: 2002 | X40: 2001 | Z40: DATE | AA40: 2022 | AB40: 2021 | AC40: 2020 | AD40: 2019 | AE40: 2018 | AF40: 2017 | AG40: 2016 | AH40: 2015 | AI40: 2014 | AJ40: 2013 | AK40: 2012 | AL40: 2011 | AM40: 2010 | AN40: 2009 | AO40: 2008 | AP40: 2007 | AQ40: 2006 | AR40: 2005 | AS40: 2004 | AT40: 2003 | AU40: 2002 | AV40: 2001 | AW40: average | AX40: l90 | AY40: u90 | BI40: STDATE | BJ40: 2019 | BK40: 2018 | BL40: 2017 | BM40: 2016 | BN40: 2015 | BO40: 2014 | BP40: 2013 | BQ40: 2012 | BR40: 2011 | BS40: 2010 | BT40: 2009 | BU40: 2008 | BV40: 2007 | BW40: 2006 | BY40: STDATE | BZ40: 2019 | CA40: 2018 | CB40: 2017 | CC40: 2016 | CD40: 2015 | CE40: 2014 | CF40: 2013 | CG40: 2012 | CH40: 2011 | CI40: 2010 | CJ40: 2009 | CK40: 2008 | CL40: 2007 | CM40: 2006 | CN40: average | CO40: (with 1 st.dev.)
B41: =' STAMP Summary'!A9 -> 0731 | C41: =' STAMP Summary'!AK9 -> 67 | D41: =' STAMP Summary'!AL9 -> 55 | E41: =' STAMP Summary'!AM9 -> 33 | F41: =' STAMP Summary'!AN9 -> 43 | G41: =' STAMP Summary'!AO9 -> 12 | H41: =' STAMP Summary'!AP9 -> 29 | I41: =' STAMP Summary'!AQ9 -> 6.5 | J41: =' STAMP Summary'!AR9 -> 0 | ... X41: =' STAMP Summary'!BF9 -> 0 | Z41: =CONCATENATE(DAY(B41),"-",TEXT(B41,"MMM")) -> 31-Dec | AA41: =' STAMP Summary'!BI9 -> 0.0031904762 | AB41: =' STAMP Summary'!BJ9 -> 0.0026190476 | AC41: =' STAMP Summary'!BK9 -> 0.0015714286 | AD41: =' STAMP Summary'!BL9 -> 0.002047619 | AE41: =' STAMP Summary'!BM9 -> 0.00057142857 | AF41: =' STAMP Summary'!BN9 -> 0.0013809524 | AG41: =' STAMP Summary'!BO9 -> 0.00030952381 | AH41: =' STAMP Summary'!BP9 -> 0 | ... AV41: =' STAMP Summary'!CD9 -> 0 | AW41: =AVERAGE(AB41:AH41,AJ41,AL41:AM41,AO41,AQ41:AV41) -> 0.0005 | AX41: =_xlfn.PERCENTILE.INC((AB41:AH41,AJ41,AL41:AM41,AO41,AQ41:AV41),0.05) -> 0 | AY41: =_xlfn.PERCENTILE.INC((AB41:AH41,AJ41,AL41:AM41,AO41,AQ41:AV41),0.95) -> 0.0021619048 | BI41: =' STAMP Summary'!DE9 -> 41851 | BJ41: =' STAMP Summary'!DF9 -> 0 | BK41: =' STAMP Summary'!DG9 -> 0 | BL41: =' STAMP Summary'!DH9 -> 2 | BM41: =' STAMP Summary'!DI9 -> 0 | BN41: =' STAMP Summary'!DJ9 -> 0 | BO41: =' STAMP Summary'!DK9 -> 6 | BP41: =' STAMP Summary'!DL9 -> 0 | ... BW41: =' STAMP Summary'!DS9 -> 0 | BY41: =BI41 -> 41851 | BZ41: =$BK$34*CN41 -> 0.67684736 | CA41: =BK41/$BK$163 -> 0 | CB41: =BL41/BL$163 -> 0.00021142767 | CC41: =BM41/BM$163 -> 0 | CD41: =BN41/BN$163 -> 0 | CE41: =BO41/BO$163 -> 0.00098738097 | CF41: =BP41/BP$163 -> 0 | CG41: =BQ41/BQ$163 -> 0 | CH41: =BR41/BR$163 -> 0 | CI41: =BS41/BS$163 -> 0 | ... CM41: =BW41/BW$163 -> 0 | CN41: =AVERAGE(CA41:CE41) -> 0.00023976173 | CO41: =STDEV(CA41:CE41) -> 0.0004278418
B42: =' STAMP Summary'!A10 -> 0801 | C42: =' STAMP Summary'!AK10 -> 74 | D42: =' STAMP Summary'!AL10 -> 57 | E42: =' STAMP Summary'!AM10 -> 34 | F42: =' STAMP Summary'!AN10 -> 62 | G42: =' STAMP Summary'!AO10 -> 12 | H42: =' STAMP Summary'!AP10 -> 35 | I42: =' STAMP Summary'!AQ10 -> 6.5 | J42: =' STAMP Summary'!AR10 -> 0 | ... X42: =' STAMP Summary'!BF10 -> 0 | Z42: =CONCATENATE(DAY(B42),"-",TEXT(B42,"MMM")) -> 11-Mar | AA42: =' STAMP Summary'!BI10 -> 0.0035238095 | AB42: =' STAMP Summary'!BJ10 -> 0.0027142857 | AC42: =' STAMP Summary'!BK10 -> 0.0016190476 | AD42: =' STAMP Summary'!BL10 -> 0.002952381 | AE42: =' STAMP Summary'!BM10 -> 0.00057142857 | AF42: =' STAMP Summary'!BN10 -> 0.0016666667 | AG42: =' STAMP Summary'!BO10 -> 0.00030952381 | AH42: =' STAMP Summary'!BP10 -> 0 | ... AV42: =' STAMP Summary'!CD10 -> 0 | AW42: =AVERAGE(AB42:AH42,AJ42,AL42:AM42,AO42,AQ42:AV42) -> 0.00057843137 | AX42: =_xlfn.PERCENTILE.INC((AB42:AH42,AJ42,AL42:AM42,AO42,AQ42:AV42),0.05) -> 0 | AY42: =_xlfn.PERCENTILE.INC((AB42:AH42,AJ42,AL42:AM42,AO42,AQ42:AV42),0.95) -> 0.0027619048 | BI42: =' STAMP Summary'!DE10 -> 41852 | BJ42: =' STAMP Summary'!DF10 -> 0 | BK42: =' STAMP Summary'!DG10 -> 0 | BL42: =' STAMP Summary'!DH10 -> 2 | BM42: =' STAMP Summary'!DI10 -> 0 | BN42: =' STAMP Summary'!DJ10 -> 0 | BO42: =' STAMP Summary'!DK10 -> 6 | BP42: =' STAMP Summary'!DL10 -> 0 | ... BW42: =' STAMP Summary'!DS10 -> 0 | BY42: =BI42 -> 41852 | BZ42: =$BK$34*CN42 -> 0.67684736 | CA42: =BK42/$BK$163 -> 0 | CB42: =BL42/BL$163 -> 0.00021142767 | CC42: =BM42/BM$163 -> 0 | CD42: =BN42/BN$163 -> 0 | CE42: =BO42/BO$163 -> 0.00098738097 | CF42: =BP42/BP$163 -> 0 | CG42: =BQ42/BQ$163 -> 0 | CH42: =BR42/BR$163 -> 0 | CI42: =BS42/BS$163 -> 0 | ... CM42: =BW42/BW$163 -> 0 | CN42: =AVERAGE(CA42:CE42) -> 0.00023976173 | CO42: =STDEV(CA42:CE42) -> 0.0004278418
B43: =' STAMP Summary'!A11 -> 0802 | C43: =' STAMP Summary'!AK11 -> 77 | D43: =' STAMP Summary'!AL11 -> 59 | E43: =' STAMP Summary'!AM11 -> 38 | F43: =' STAMP Summary'!AN11 -> 83 | G43: =' STAMP Summary'!AO11 -> 14 | H43: =' STAMP Summary'!AP11 -> 38 | I43: =' STAMP Summary'!AQ11 -> 13.5 | J43: =' STAMP Summary'!AR11 -> 0 | ... X43: =' STAMP Summary'!BF11 -> 0 | Z43: =CONCATENATE(DAY(B43),"-",TEXT(B43,"MMM")) -> 12-Mar | AA43: =' STAMP Summary'!BI11 -> 0.0036666667 | AB43: =' STAMP Summary'!BJ11 -> 0.0028095238 | AC43: =' STAMP Summary'!BK11 -> 0.0018095238 | AD43: =' STAMP Summary'!BL11 -> 0.003952381 | AE43: =' STAMP Summary'!BM11 -> 0.00066666667 | AF43: =' STAMP Summary'!BN11 -> 0.0018095238 | AG43: =' STAMP Summary'!BO11 -> 0.00064285714 | AH43: =' STAMP Summary'!BP11 -> 0 | ... AV43: =' STAMP Summary'!CD11 -> 0 | AW43: =AVERAGE(AB43:AH43,AJ43,AL43:AM43,AO43,AQ43:AV43) -> 0.00068767507 | AX43: =_xlfn.PERCENTILE.INC((AB43:AH43,AJ43,AL43:AM43,AO43,AQ43:AV43),0.05) -> 0 | AY43: =_xlfn.PERCENTILE.INC((AB43:AH43,AJ43,AL43:AM43,AO43,AQ43:AV43),0.95) -> 0.0030380952 | BI43: =' STAMP Summary'!DE11 -> 41853 | BJ43: =' STAMP Summary'!DF11 -> 0 | BK43: =' STAMP Summary'!DG11 -> 0 | BL43: =' STAMP Summary'!DH11 -> 2 | BM43: =' STAMP Summary'!DI11 -> 0 | BN43: =' STAMP Summary'!DJ11 -> 0 | BO43: =' STAMP Summary'!DK11 -> 6 | BP43: =' STAMP Summary'!DL11 -> 0 | ... BW43: =' STAMP Summary'!DS11 -> 0 | BY43: =BI43 -> 41853 | BZ43: =$BK$34*CN43 -> 0.67684736 | CA43: =BK43/$BK$163 -> 0 | CB43: =BL43/BL$163 -> 0.00021142767 | CC43: =BM43/BM$163 -> 0 | CD43: =BN43/BN$163 -> 0 | CE43: =BO43/BO$163 -> 0.00098738097 | CF43: =BP43/BP$163 -> 0 | CG43: =BQ43/BQ$163 -> 0 | CH43: =BR43/BR$163 -> 0 | CI43: =BS43/BS$163 -> 0 | ... CM43: =BW43/BW$163 -> 0 | CN43: =AVERAGE(CA43:CE43) -> 0.00023976173 | CO43: =STDEV(CA43:CE43) -> 0.0004278418
B44: =' STAMP Summary'!A12 -> 0803 | C44: =' STAMP Summary'!AK12 -> 77 | D44: =' STAMP Summary'!AL12 -> 63 | E44: =' STAMP Summary'!AM12 -> 44 | F44: =' STAMP Summary'!AN12 -> 93 | G44: =' STAMP Summary'!AO12 -> 17 | H44: =' STAMP Summary'!AP12 -> 39 | I44: =' STAMP Summary'!AQ12 -> 16.5 | J44: =' STAMP Summary'!AR12 -> 0 | ... X44: =' STAMP Summary'!BF12 -> 0 | Z44: =CONCATENATE(DAY(B44),"-",TEXT(B44,"MMM")) -> 13-Mar | AA44: =' STAMP Summary'!BI12 -> 0.0036666667 | AB44: =' STAMP Summary'!BJ12 -> 0.003 | AC44: =' STAMP Summary'!BK12 -> 0.0020952381 | AD44: =' STAMP Summary'!BL12 -> 0.0044285714 | AE44: =' STAMP Summary'!BM12 -> 0.00080952381 | AF44: =' STAMP Summary'!BN12 -> 0.0018571429 | AG44: =' STAMP Summary'!BO12 -> 0.00078571429 | AH44: =' STAMP Summary'!BP12 -> 0 | ... AV44: =' STAMP Summary'!CD12 -> 0 | AW44: =AVERAGE(AB44:AH44,AJ44,AL44:AM44,AO44,AQ44:AV44) -> 0.00076330532 | AX44: =_xlfn.PERCENTILE.INC((AB44:AH44,AJ44,AL44:AM44,AO44,AQ44:AV44),0.05) -> 0 | AY44: =_xlfn.PERCENTILE.INC((AB44:AH44,AJ44,AL44:AM44,AO44,AQ44:AV44),0.95) -> 0.0032857143 | BI44: =' STAMP Summary'!DE12 -> 41854 | BJ44: =' STAMP Summary'!DF12 -> 0 | BK44: =' STAMP Summary'!DG12 -> 0 | BL44: =' STAMP Summary'!DH12 -> 2 | BM44: =' STAMP Summary'!DI12 -> 0 | BN44: =' STAMP Summary'!DJ12 -> 0 | BO44: =' STAMP Summary'!DK12 -> 6 | BP44: =' STAMP Summary'!DL12 -> 0 | ... BW44: =' STAMP Summary'!DS12 -> 0 | BY44: =BI44 -> 41854 | BZ44: =$BK$34*CN44 -> 0.67684736 | CA44: =BK44/$BK$163 -> 0 | CB44: =BL44/BL$163 -> 0.00021142767 | CC44: =BM44/BM$163 -> 0 | CD44: =BN44/BN$163 -> 0 | CE44: =BO44/BO$163 -> 0.00098738097 | CF44: =BP44/BP$163 -> 0 | CG44: =BQ44/BQ$163 -> 0 | CH44: =BR44/BR$163 -> 0 | CI44: =BS44/BS$163 -> 0 | ... CM44: =BW44/BW$163 -> 0 | CN44: =AVERAGE(CA44:CE44) -> 0.00023976173 | CO44: =STDEV(CA44:CE44) -> 0.0004278418
B45: =' STAMP Summary'!A13 -> 0804 | C45: =' STAMP Summary'!AK13 -> 81 | D45: =' STAMP Summary'!AL13 -> 63 | E45: =' STAMP Summary'!AM13 -> 47 | F45: =' STAMP Summary'!AN13 -> 113 | G45: =' STAMP Summary'!AO13 -> 25 | H45: =' STAMP Summary'!AP13 -> 41 | I45: =' STAMP Summary'!AQ13 -> 28.5 | J45: =' STAMP Summary'!AR13 -> 0 | ... X45: =' STAMP Summary'!BF13 -> 0 | Z45: =CONCATENATE(DAY(B45),"-",TEXT(B45,"MMM")) -> 14-Mar | AA45: =' STAMP Summary'!BI13 -> 0.0038571429 | AB45: =' STAMP Summary'!BJ13 -> 0.003 | AC45: =' STAMP Summary'!BK13 -> 0.0022380952 | AD45: =' STAMP Summary'!BL13 -> 0.0053809524 | AE45: =' STAMP Summary'!BM13 -> 0.0011904762 | AF45: =' STAMP Summary'!BN13 -> 0.001952381 | AG45: =' STAMP Summary'!BO13 -> 0.0013571429 | AH45: =' STAMP Summary'!BP13 -> 0 | ... AV45: =' STAMP Summary'!CD13 -> 0 | AW45: =AVERAGE(AB45:AH45,AJ45,AL45:AM45,AO45,AQ45:AV45) -> 0.00088935574 | AX45: =_xlfn.PERCENTILE.INC((AB45:AH45,AJ45,AL45:AM45,AO45,AQ45:AV45),0.05) -> 0 | AY45: =_xlfn.PERCENTILE.INC((AB45:AH45,AJ45,AL45:AM45,AO45,AQ45:AV45),0.95) -> 0.0034761905 | BI45: =' STAMP Summary'!DE13 -> 41855 | BJ45: =' STAMP Summary'!DF13 -> 0 | BK45: =' STAMP Summary'!DG13 -> 0 | BL45: =' STAMP Summary'!DH13 -> 2 | BM45: =' STAMP Summary'!DI13 -> 0 | BN45: =' STAMP Summary'!DJ13 -> 0 | BO45: =' STAMP Summary'!DK13 -> 6 | BP45: =' STAMP Summary'!DL13 -> 0 | ... BW45: =' STAMP Summary'!DS13 -> 0 | BY45: =BI45 -> 41855 | BZ45: =$BK$34*CN45 -> 0.67684736 | CA45: =BK45/$BK$163 -> 0 | CB45: =BL45/BL$163 -> 0.00021142767 | CC45: =BM45/BM$163 -> 0 | CD45: =BN45/BN$163 -> 0 | CE45: =BO45/BO$163 -> 0.00098738097 | CF45: =BP45/BP$163 -> 0 | CG45: =BQ45/BQ$163 -> 0 | CH45: =BR45/BR$163 -> 0 | CI45: =BS45/BS$163 -> 0 | ... CM45: =BW45/BW$163 -> 0 | CN45: =AVERAGE(CA45:CE45) -> 0.00023976173 | CO45: =STDEV(CA45:CE45) -> 0.0004278418
B46: =' STAMP Summary'!A14 -> 0805 | C46: =' STAMP Summary'!AK14 -> 85 | D46: =' STAMP Summary'!AL14 -> 64 | E46: =' STAMP Summary'!AM14 -> 58 | F46: =' STAMP Summary'!AN14 -> 129 | G46: =' STAMP Summary'!AO14 -> 35 | H46: =' STAMP Summary'!AP14 -> 41 | I46: =' STAMP Summary'!AQ14 -> 32.5 | J46: =' STAMP Summary'!AR14 -> 3 | ... X46: =' STAMP Summary'!BF14 -> 0 | Z46: =CONCATENATE(DAY(B46),"-",TEXT(B46,"MMM")) -> 15-Mar | AA46: =' STAMP Summary'!BI14 -> 0.004047619 | AB46: =' STAMP Summary'!BJ14 -> 0.003047619 | AC46: =' STAMP Summary'!BK14 -> 0.0027619048 | AD46: =' STAMP Summary'!BL14 -> 0.0061428571 | AE46: =' STAMP Summary'!BM14 -> 0.0016666667 | AF46: =' STAMP Summary'!BN14 -> 0.001952381 | AG46: =' STAMP Summary'!BO14 -> 0.001547619 | AH46: =' STAMP Summary'!BP14 -> 0.00014285714 | ... AV46: =' STAMP Summary'!CD14 -> 0 | AW46: =AVERAGE(AB46:AH46,AJ46,AL46:AM46,AO46,AQ46:AV46) -> 0.0010154062 | AX46: =_xlfn.PERCENTILE.INC((AB46:AH46,AJ46,AL46:AM46,AO46,AQ46:AV46),0.05) -> 0 | AY46: =_xlfn.PERCENTILE.INC((AB46:AH46,AJ46,AL46:AM46,AO46,AQ46:AV46),0.95) -> 0.0036666667 | BI46: =' STAMP Summary'!DE14 -> 41856 | BJ46: =' STAMP Summary'!DF14 -> 0 | BK46: =' STAMP Summary'!DG14 -> 0 | BL46: =' STAMP Summary'!DH14 -> 2 | BM46: =' STAMP Summary'!DI14 -> 0 | BN46: =' STAMP Summary'!DJ14 -> 0 | BO46: =' STAMP Summary'!DK14 -> 6 | BP46: =' STAMP Summary'!DL14 -> 0 | ... BW46: =' STAMP Summary'!DS14 -> 0 | BY46: =BI46 -> 41856 | BZ46: =$BK$34*CN46 -> 0.67684736 | CA46: =BK46/$BK$163 -> 0 | CB46: =BL46/BL$163 -> 0.00021142767 | CC46: =BM46/BM$163 -> 0 | CD46: =BN46/BN$163 -> 0 | CE46: =BO46/BO$163 -> 0.00098738097 | CF46: =BP46/BP$163 -> 0 | CG46: =BQ46/BQ$163 -> 0 | CH46: =BR46/BR$163 -> 0 | CI46: =BS46/BS$163 -> 0 | ... CM46: =BW46/BW$163 -> 0 | CN46: =AVERAGE(CA46:CE46) -> 0.00023976173 | CO46: =STDEV(CA46:CE46) -> 0.0004278418
B47: =' STAMP Summary'!A15 -> 0806 | C47: =' STAMP Summary'!AK15 -> 97 | D47: =' STAMP Summary'!AL15 -> 66 | E47: =' STAMP Summary'!AM15 -> 70 | F47: =' STAMP Summary'!AN15 -> 155 | G47: =' STAMP Summary'!AO15 -> 36 | H47: =' STAMP Summary'!AP15 -> 47 | I47: =' STAMP Summary'!AQ15 -> 44.5 | J47: =' STAMP Summary'!AR15 -> 3 | ... X47: =' STAMP Summary'!BF15 -> 0 | Z47: =CONCATENATE(DAY(B47),"-",TEXT(B47,"MMM")) -> 16-Mar | AA47: =' STAMP Summary'!BI15 -> 0.0046190476 | AB47: =' STAMP Summary'!BJ15 -> 0.0031428571 | AC47: =' STAMP Summary'!BK15 -> 0.0033333333 | AD47: =' STAMP Summary'!BL15 -> 0.0073809524 | AE47: =' STAMP Summary'!BM15 -> 0.0017142857 | AF47: =' STAMP Summary'!BN15 -> 0.0022380952 | AG47: =' STAMP Summary'!BO15 -> 0.0021190476 | AH47: =' STAMP Summary'!BP15 -> 0.00014285714 | ... AV47: =' STAMP Summary'!CD15 -> 0 | AW47: =AVERAGE(AB47:AH47,AJ47,AL47:AM47,AO47,AQ47:AV47) -> 0.0011806723 | AX47: =_xlfn.PERCENTILE.INC((AB47:AH47,AJ47,AL47:AM47,AO47,AQ47:AV47),0.05) -> 0 | AY47: =_xlfn.PERCENTILE.INC((AB47:AH47,AJ47,AL47:AM47,AO47,AQ47:AV47),0.95) -> 0.0041428571 | BI47: =' STAMP Summary'!DE15 -> 41857 | BJ47: =' STAMP Summary'!DF15 -> 1 | BK47: =' STAMP Summary'!DG15 -> 0 | BL47: =' STAMP Summary'!DH15 -> 2 | BM47: =' STAMP Summary'!DI15 -> 0 | BN47: =' STAMP Summary'!DJ15 -> 0 | BO47: =' STAMP Summary'!DK15 -> 6 | BP47: =' STAMP Summary'!DL15 -> 0 | ... BW47: =' STAMP Summary'!DS15 -> 0 | BY47: =BI47 -> 41857 | BZ47: =$BK$34*CN47 -> 0.67684736 | CA47: =BK47/$BK$163 -> 0 | CB47: =BL47/BL$163 -> 0.00021142767 | CC47: =BM47/BM$163 -> 0 | CD47: =BN47/BN$163 -> 0 | CE47: =BO47/BO$163 -> 0.00098738097 | CF47: =BP47/BP$163 -> 0 | CG47: =BQ47/BQ$163 -> 0 | CH47: =BR47/BR$163 -> 0 | CI47: =BS47/BS$163 -> 0 | ... CM47: =BW47/BW$163 -> 0 | CN47: =AVERAGE(CA47:CE47) -> 0.00023976173 | CO47: =STDEV(CA47:CE47) -> 0.0004278418
B48: =' STAMP Summary'!A16 -> 0807 | C48: =' STAMP Summary'!AK16 -> 139 | D48: =' STAMP Summary'!AL16 -> 93 | E48: =' STAMP Summary'!AM16 -> 75 | F48: =' STAMP Summary'!AN16 -> 182 | G48: =' STAMP Summary'!AO16 -> 37 | H48: =' STAMP Summary'!AP16 -> 54 | I48: =' STAMP Summary'!AQ16 -> 57.5 | J48: =' STAMP Summary'!AR16 -> 3 | ... X48: =' STAMP Summary'!BF16 -> 0 | Z48: =CONCATENATE(DAY(B48),"-",TEXT(B48,"MMM")) -> 17-Mar | AA48: =' STAMP Summary'!BI16 -> 0.0066190476 | AB48: =' STAMP Summary'!BJ16 -> 0.0044285714 | AC48: =' STAMP Summary'!BK16 -> 0.0035714286 | AD48: =' STAMP Summary'!BL16 -> 0.0086666667 | AE48: =' STAMP Summary'!BM16 -> 0.0017619048 | AF48: =' STAMP Summary'!BN16 -> 0.0025714286 | AG48: =' STAMP Summary'!BO16 -> 0.0027380952 | AH48: =' STAMP Summary'!BP16 -> 0.00014285714 | ... AV48: =' STAMP Summary'!CD16 -> 0 | AW48: =AVERAGE(AB48:AH48,AJ48,AL48:AM48,AO48,AQ48:AV48) -> 0.0014047619 | AX48: =_xlfn.PERCENTILE.INC((AB48:AH48,AJ48,AL48:AM48,AO48,AQ48:AV48),0.05) -> 0 | AY48: =_xlfn.PERCENTILE.INC((AB48:AH48,AJ48,AL48:AM48,AO48,AQ48:AV48),0.95) -> 0.0052761905 | BI48: =' STAMP Summary'!DE16 -> 41858 | BJ48: =' STAMP Summary'!DF16 -> 1 | BK48: =' STAMP Summary'!DG16 -> 0 | BL48: =' STAMP Summary'!DH16 -> 3 | BM48: =' STAMP Summary'!DI16 -> 0 | BN48: =' STAMP Summary'!DJ16 -> 0 | BO48: =' STAMP Summary'!DK16 -> 6 | BP48: =' STAMP Summary'!DL16 -> 0 | ... BW48: =' STAMP Summary'!DS16 -> 0 | BY48: =BI48 -> 41858 | BZ48: =$BK$34*CN48 -> 0.73653339 | CA48: =BK48/$BK$163 -> 0 | CB48: =BL48/BL$163 -> 0.0003171415 | CC48: =BM48/BM$163 -> 0 | CD48: =BN48/BN$163 -> 0 | CE48: =BO48/BO$163 -> 0.00098738097 | CF48: =BP48/BP$163 -> 0 | CG48: =BQ48/BQ$163 -> 0 | CH48: =BR48/BR$163 -> 0 | CI48: =BS48/BS$163 -> 0 | ... CM48: =BW48/BW$163 -> 0 | CN48: =AVERAGE(CA48:CE48) -> 0.00026090449 | CO48: =STDEV(CA48:CE48) -> 0.00042870273
B49: =' STAMP Summary'!A17 -> 0808 | C49: =' STAMP Summary'!AK17 -> 203 | D49: =' STAMP Summary'!AL17 -> 119 | E49: =' STAMP Summary'!AM17 -> 89 | F49: =' STAMP Summary'!AN17 -> 199 | G49: =' STAMP Summary'!AO17 -> 37 | H49: =' STAMP Summary'!AP17 -> 61 | I49: =' STAMP Summary'!AQ17 -> 68.5 | J49: =' STAMP Summary'!AR17 -> 9 | ... X49: =' STAMP Summary'!BF17 -> 0 | Z49: =CONCATENATE(DAY(B49),"-",TEXT(B49,"MMM")) -> 18-Mar | AA49: =' STAMP Summary'!BI17 -> 0.0096666667 | AB49: =' STAMP Summary'!BJ17 -> 0.0056666667 | AC49: =' STAMP Summary'!BK17 -> 0.0042380952 | AD49: =' STAMP Summary'!BL17 -> 0.0094761905 | AE49: =' STAMP Summary'!BM17 -> 0.0017619048 | AF49: =' STAMP Summary'!BN17 -> 0.0029047619 | AG49: =' STAMP Summary'!BO17 -> 0.0032619048 | AH49: =' STAMP Summary'!BP17 -> 0.00042857143 | ... AV49: =' STAMP Summary'!CD17 -> 0 | AW49: =AVERAGE(AB49:AH49,AJ49,AL49:AM49,AO49,AQ49:AV49) -> 0.0016316527 | AX49: =_xlfn.PERCENTILE.INC((AB49:AH49,AJ49,AL49:AM49,AO49,AQ49:AV49),0.05) -> 0 | AY49: =_xlfn.PERCENTILE.INC((AB49:AH49,AJ49,AL49:AM49,AO49,AQ49:AV49),0.95) -> 0.0064285714 | BI49: =' STAMP Summary'!DE17 -> 41859 | BJ49: =' STAMP Summary'!DF17 -> 2 | BK49: =' STAMP Summary'!DG17 -> 0 | BL49: =' STAMP Summary'!DH17 -> 3 | BM49: =' STAMP Summary'!DI17 -> 0 | BN49: =' STAMP Summary'!DJ17 -> 1 | BO49: =' STAMP Summary'!DK17 -> 6 | BP49: =' STAMP Summary'!DL17 -> 0 | ... BW49: =' STAMP Summary'!DS17 -> 0 | BY49: =BI49 -> 41859 | BZ49: =$BK$34*CN49 -> 1.0492445 | CA49: =BK49/$BK$163 -> 0 | CB49: =BL49/BL$163 -> 0.0003171415 | CC49: =BM49/BM$163 -> 0 | CD49: =BN49/BN$163 -> 0.0005538632 | CE49: =BO49/BO$163 -> 0.00098738097 | CF49: =BP49/BP$163 -> 0 | CG49: =BQ49/BQ$163 -> 0 | CH49: =BR49/BR$163 -> 0 | CI49: =BS49/BS$163 -> 0 | ... CM49: =BW49/BW$163 -> 0 | CN49: =AVERAGE(CA49:CE49) -> 0.00037167713 | CO49: =STDEV(CA49:CE49) -> 0.00041579589
B50: =' STAMP Summary'!A18 -> 0809 | C50: =' STAMP Summary'!AK18 -> 230 | D50: =' STAMP Summary'!AL18 -> 170 | E50: =' STAMP Summary'!AM18 -> 100 | F50: =' STAMP Summary'!AN18 -> 217 | G50: =' STAMP Summary'!AO18 -> 37 | H50: =' STAMP Summary'!AP18 -> 64 | I50: =' STAMP Summary'!AQ18 -> 76.5 | J50: =' STAMP Summary'!AR18 -> 12 | ... X50: =' STAMP Summary'!BF18 -> 0 | Z50: =CONCATENATE(DAY(B50),"-",TEXT(B50,"MMM")) -> 19-Mar | AA50: =' STAMP Summary'!BI18 -> 0.010952381 | AB50: =' STAMP Summary'!BJ18 -> 0.0080952381 | AC50: =' STAMP Summary'!BK18 -> 0.0047619048 | AD50: =' STAMP Summary'!BL18 -> 0.010333333 | AE50: =' STAMP Summary'!BM18 -> 0.0017619048 | AF50: =' STAMP Summary'!BN18 -> 0.003047619 | AG50: =' STAMP Summary'!BO18 -> 0.0036428571 | AH50: =' STAMP Summary'!BP18 -> 0.00057142857 | ... AV50: =' STAMP Summary'!CD18 -> 0 | AW50: =AVERAGE(AB50:AH50,AJ50,AL50:AM50,AO50,AQ50:AV50) -> 0.001894958 | AX50: =_xlfn.PERCENTILE.INC((AB50:AH50,AJ50,AL50:AM50,AO50,AQ50:AV50),0.05) -> 0 | AY50: =_xlfn.PERCENTILE.INC((AB50:AH50,AJ50,AL50:AM50,AO50,AQ50:AV50),0.95) -> 0.0085428571 | BI50: =' STAMP Summary'!DE18 -> 41860 | BJ50: =' STAMP Summary'!DF18 -> 2 | BK50: =' STAMP Summary'!DG18 -> 0 | BL50: =' STAMP Summary'!DH18 -> 3 | BM50: =' STAMP Summary'!DI18 -> 1 | BN50: =' STAMP Summary'!DJ18 -> 1 | BO50: =' STAMP Summary'!DK18 -> 6 | BP50: =' STAMP Summary'!DL18 -> 0 | ... BW50: =' STAMP Summary'!DS18 -> 0 | BY50: =BI50 -> 41860 | BZ50: =$BK$34*CN50 -> 1.1577484 | CA50: =BK50/$BK$163 -> 0 | CB50: =BL50/BL$163 -> 0.0003171415 | CC50: =BM50/BM$163 -> 0.00019217834 | CD50: =BN50/BN$163 -> 0.0005538632 | CE50: =BO50/BO$163 -> 0.00098738097 | CF50: =BP50/BP$163 -> 0 | CG50: =BQ50/BQ$163 -> 0 | CH50: =BR50/BR$163 -> 0 | CI50: =BS50/BS$163 -> 0 | ... CM50: =BW50/BW$163 -> 0 | CN50: =AVERAGE(CA50:CE50) -> 0.0004101128 | CO50: =STDEV(CA50:CE50) -> 0.0003802086
B51: =' STAMP Summary'!A19 -> 0810 | C51: =' STAMP Summary'!AK19 -> 291 | D51: =' STAMP Summary'!AL19 -> 193 | E51: =' STAMP Summary'!AM19 -> 144 | F51: =' STAMP Summary'!AN19 -> 269 | G51: =' STAMP Summary'!AO19 -> 39 | H51: =' STAMP Summary'!AP19 -> 67 | I51: =' STAMP Summary'!AQ19 -> 85 | J51: =' STAMP Summary'!AR19 -> 15 | ... X51: =' STAMP Summary'!BF19 -> 0 | Z51: =CONCATENATE(DAY(B51),"-",TEXT(B51,"MMM")) -> 20-Mar | AA51: =' STAMP Summary'!BI19 -> 0.013857143 | AB51: =' STAMP Summary'!BJ19 -> 0.0091904762 | AC51: =' STAMP Summary'!BK19 -> 0.0068571429 | AD51: =' STAMP Summary'!BL19 -> 0.012809524 | AE51: =' STAMP Summary'!BM19 -> 0.0018571429 | AF51: =' STAMP Summary'!BN19 -> 0.0031904762 | AG51: =' STAMP Summary'!BO19 -> 0.004047619 | AH51: =' STAMP Summary'!BP19 -> 0.00071428571 | ... AV51: =' STAMP Summary'!CD19 -> 0 | AW51: =AVERAGE(AB51:AH51,AJ51,AL51:AM51,AO51,AQ51:AV51) -> 0.0022745098 | AX51: =_xlfn.PERCENTILE.INC((AB51:AH51,AJ51,AL51:AM51,AO51,AQ51:AV51),0.05) -> 0 | AY51: =_xlfn.PERCENTILE.INC((AB51:AH51,AJ51,AL51:AM51,AO51,AQ51:AV51),0.95) -> 0.0099142857 | BI51: =' STAMP Summary'!DE19 -> 41861 | BJ51: =' STAMP Summary'!DF19 -> 2 | BK51: =' STAMP Summary'!DG19 -> 0 | BL51: =' STAMP Summary'!DH19 -> 3 | BM51: =' STAMP Summary'!DI19 -> 2 | BN51: =' STAMP Summary'!DJ19 -> 1 | BO51: =' STAMP Summary'!DK19 -> 7 | BP51: =' STAMP Summary'!DL19 -> 0 | ... BW51: =' STAMP Summary'!DS19 -> 0 | BY51: =BI51 -> 41861 | BZ51: =$BK$34*CN51 -> 1.3591649 | CA51: =BK51/$BK$163 -> 0 | CB51: =BL51/BL$163 -> 0.0003171415 | CC51: =BM51/BM$163 -> 0.00038435668 | CD51: =BN51/BN$163 -> 0.0005538632 | CE51: =BO51/BO$163 -> 0.0011519445 | CF51: =BP51/BP$163 -> 0 | CG51: =BQ51/BQ$163 -> 0 | CH51: =BR51/BR$163 -> 0 | CI51: =BS51/BS$163 -> 0 | ... CM51: =BW51/BW$163 -> 0 | CN51: =AVERAGE(CA51:CE51) -> 0.00048146117 | CO51: =STDEV(CA51:CE51) -> 0.00042515438
B52: =' STAMP Summary'!A20 -> 0811 | C52: =' STAMP Summary'!AK20 -> 317 | D52: =' STAMP Summary'!AL20 -> 209 | E52: =' STAMP Summary'!AM20 -> 187 | F52: =' STAMP Summary'!AN20 -> 329 | G52: =' STAMP Summary'!AO20 -> 39 | H52: =' STAMP Summary'!AP20 -> 69 | I52: =' STAMP Summary'!AQ20 -> 101 | J52: =' STAMP Summary'!AR20 -> 27 | ... X52: =' STAMP Summary'!BF20 -> 0 | Z52: =CONCATENATE(DAY(B52),"-",TEXT(B52,"MMM")) -> 21-Mar | AA52: =' STAMP Summary'!BI20 -> 0.015095238 | AB52: =' STAMP Summary'!BJ20 -> 0.009952381 | AC52: =' STAMP Summary'!BK20 -> 0.0089047619 | AD52: =' STAMP Summary'!BL20 -> 0.015666667 | AE52: =' STAMP Summary'!BM20 -> 0.0018571429 | AF52: =' STAMP Summary'!BN20 -> 0.0032857143 | AG52: =' STAMP Summary'!BO20 -> 0.0048095238 | AH52: =' STAMP Summary'!BP20 -> 0.0012857143 | ... AV52: =' STAMP Summary'!CD20 -> 0 | AW52: =AVERAGE(AB52:AH52,AJ52,AL52:AM52,AO52,AQ52:AV52) -> 0.0026918768 | AX52: =_xlfn.PERCENTILE.INC((AB52:AH52,AJ52,AL52:AM52,AO52,AQ52:AV52),0.05) -> 0 | AY52: =_xlfn.PERCENTILE.INC((AB52:AH52,AJ52,AL52:AM52,AO52,AQ52:AV52),0.95) -> 0.011095238 | BI52: =' STAMP Summary'!DE20 -> 41862 | BJ52: =' STAMP Summary'!DF20 -> 2 | BK52: =' STAMP Summary'!DG20 -> 0 | BL52: =' STAMP Summary'!DH20 -> 3 | BM52: =' STAMP Summary'!DI20 -> 2 | BN52: =' STAMP Summary'!DJ20 -> 1 | BO52: =' STAMP Summary'!DK20 -> 8 | BP52: =' STAMP Summary'!DL20 -> 0 | ... BW52: =' STAMP Summary'!DS20 -> 0 | BY52: =BI52 -> 41862 | BZ52: =$BK$34*CN52 -> 1.4520774 | CA52: =BK52/$BK$163 -> 0 | CB52: =BL52/BL$163 -> 0.0003171415 | CC52: =BM52/BM$163 -> 0.00038435668 | CD52: =BN52/BN$163 -> 0.0005538632 | CE52: =BO52/BO$163 -> 0.001316508 | CF52: =BP52/BP$163 -> 0 | CG52: =BQ52/BQ$163 -> 0 | CH52: =BR52/BR$163 -> 0 | CI52: =BS52/BS$163 -> 0 | ... CM52: =BW52/BW$163 -> 0 | CN52: =AVERAGE(CA52:CE52) -> 0.00051437387 | CO52: =STDEV(CA52:CE52) -> 0.00049126471
... B163: =' STAMP Summary'!A131 -> 1130 | C163: =' STAMP Summary'!AK131 -> 61962 | D163: =' STAMP Summary'!AL131 -> 54679 | E163: =' STAMP Summary'!AM131 -> 38594.5 | F163: =' STAMP Summary'!AN131 -> 34605.69 | G163: =' STAMP Summary'!AO131 -> 44384.5 | H163: =' STAMP Summary'!AP131 -> 41473.5 | I163: =' STAMP Summary'!AQ131 -> 47232.5 | J163: =' STAMP Summary'!AR131 -> 54789.99 | ... X163: =' STAMP Summary'!BF131 -> 27706 | Z163: =CONCATENATE(DAY(B163),"-",TEXT(B163,"MMM")) -> 3-Feb | AA163: =' STAMP Summary'!BI131 -> 2.9505714 | AB163: =' STAMP Summary'!BJ131 -> 1 | AC163: =' STAMP Summary'!BK131 -> 1 | AD163: =' STAMP Summary'!BL131 -> 1 | AE163: =' STAMP Summary'!BM131 -> 1 | AF163: =' STAMP Summary'!BN131 -> 1 | AG163: =' STAMP Summary'!BO131 -> 1 | AH163: =' STAMP Summary'!BP131 -> 1 | ... AV163: =' STAMP Summary'!CD131 -> 1 | AW163: =AVERAGE(AB163:AH163,AJ163,AL163:AM163,AO163,AQ163:AV163) -> 1 | AX163: =_xlfn.PERCENTILE.INC((AB163:AH163,AJ163,AL163:AM163,AO163,AQ163:AV163),0.05) -> 1 | AY163: =_xlfn.PERCENTILE.INC((AB163:AH163,AJ163,AL163:AM163,AO163,AQ163:AV163),0.95) -> 1 | BI163: =' STAMP Summary'!DE131 -> 41973 | BJ163: =' STAMP Summary'!DF131 -> 2961.66 | BK163: =' STAMP Summary'!DG131 -> 1567.5 | BL163: =' STAMP Summary'!DH131 -> 9459.5 | BM163: =' STAMP Summary'!DI131 -> 5203.5 | BN163: =' STAMP Summary'!DJ131 -> 1805.5 | BO163: =' STAMP Summary'!DK131 -> 6076.6818 | BP163: =' STAMP Summary'!DL131 -> 661.5 | ... BW163: =' STAMP Summary'!DS131 -> 911 | BY163: =BI163 -> 41973 | BZ163: =$BK$34*CN163 -> 2823 | CA163: =BK163/$BK$163 -> 1 | CB163: =BL163/BL$163 -> 1 | CC163: =BM163/BM$163 -> 1 | CD163: =BN163/BN$163 -> 1 | CE163: =BO163/BO$163 -> 1 | CF163: =BP163/BP$163 -> 1 | CG163: =BQ163/BQ$163 -> 1 | CH163: =BR163/BR$163 -> 1 | CI163: =BS163/BS$163 -> 1 | ... CM163: =BW163/BW$163 -> 1 | CN163: =AVERAGE(CA163:CE163) -> 1 | CO163: =STDEV(CA163:CE163) -> 0
B167: average | F167: =AVERAGE(F59:Q59) -> 194.875
B168: min | F168: =MIN(F59:Q59) -> 0
B169: max | F169: =MAX(F59:Q59) -> 1061
Z170: DAILY
H171: =(1/0.33)*H118 -> 94819.697 | J171: =AVERAGE(I150:K150,N150:Q150) -> 28814.973 | Z171: STDATE | AC171: 2012 | AD171: 2011 | AE171: 2010 | AF171: 2009 | AG171: 2008 | AH171: 2007 | AI171: 2006 | AJ171: 2005 | AK171: 2004 | AL171: 2003 | AM171: 2002 | AN171: 2001 | AO171: average | AW171: w/1stdev
H172: =(1/0.34)*H118 -> 92030.882 | Z172: 36771 | AC172: =' STAMP Summary'!N10/' STAMP Summary'!N$100 -> #DIV/0! | AD172: =' STAMP Summary'!O10/' STAMP Summary'!O$100 -> #DIV/0! | AE172: =' STAMP Summary'!P10/' STAMP Summary'!P$100 -> 0.041666667 | AF172: =' STAMP Summary'!Q10/' STAMP Summary'!Q$100 -> 0.55882353 | AG172: =' STAMP Summary'!R10/' STAMP Summary'!R$100 -> 0 | AH172: =' STAMP Summary'!S10/' STAMP Summary'!S$100 -> 0.063157895 | AI172: =' STAMP Summary'!T10/' STAMP Summary'!T$100 -> #DIV/0! | AJ172: =' STAMP Summary'!U10/' STAMP Summary'!U$100 -> 0 | ... AN172: =' STAMP Summary'!Y10/' STAMP Summary'!Y$100 -> 0 | AO172: =AVERAGE(AD172:AN172) -> #DIV/0! | AW172: =STDEV(AD172:AN172) -> #DIV/0!
H173: =(1/0.53)*H118 -> 59038.679 | Z173: 36772 | AC173: =' STAMP Summary'!N11/' STAMP Summary'!N$100 -> #DIV/0! | AD173: =' STAMP Summary'!O11/' STAMP Summary'!O$100 -> #DIV/0! | AE173: =' STAMP Summary'!P11/' STAMP Summary'!P$100 -> 0.16666667 | AF173: =' STAMP Summary'!Q11/' STAMP Summary'!Q$100 -> 0.61764706 | AG173: =' STAMP Summary'!R11/' STAMP Summary'!R$100 -> 0.10526316 | AH173: =' STAMP Summary'!S11/' STAMP Summary'!S$100 -> 0.031578947 | AI173: =' STAMP Summary'!T11/' STAMP Summary'!T$100 -> #DIV/0! | AJ173: =' STAMP Summary'!U11/' STAMP Summary'!U$100 -> 0 | ... AN173: =' STAMP Summary'!Y11/' STAMP Summary'!Y$100 -> 0 | AO173: =AVERAGE(AD173:AN173) -> #DIV/0! | AW173: =STDEV(AD173:AN173) -> #DIV/0!
H174: =(1/0.25)*H118 -> 125162 | Z174: 36773 | AC174: =' STAMP Summary'!N12/' STAMP Summary'!N$100 -> #DIV/0! | AD174: =' STAMP Summary'!O12/' STAMP Summary'!O$100 -> #DIV/0! | AE174: =' STAMP Summary'!P12/' STAMP Summary'!P$100 -> 0.25 | AF174: =' STAMP Summary'!Q12/' STAMP Summary'!Q$100 -> 0.29411765 | AG174: =' STAMP Summary'!R12/' STAMP Summary'!R$100 -> 0.15789474 | AH174: =' STAMP Summary'!S12/' STAMP Summary'!S$100 -> 0.010526316 | AI174: =' STAMP Summary'!T12/' STAMP Summary'!T$100 -> #DIV/0! | AJ174: =' STAMP Summary'!U12/' STAMP Summary'!U$100 -> 0 | ... AN174: =' STAMP Summary'!Y12/' STAMP Summary'!Y$100 -> 0 | AO174: =AVERAGE(AD174:AN174) -> #DIV/0! | AW174: =STDEV(AD174:AN174) -> #DIV/0!
Z175: 36774 | AC175: =' STAMP Summary'!N13/' STAMP Summary'!N$100 -> #DIV/0! | AD175: =' STAMP Summary'!O13/' STAMP Summary'!O$100 -> #DIV/0! | AE175: =' STAMP Summary'!P13/' STAMP Summary'!P$100 -> 0.125 | AF175: =' STAMP Summary'!Q13/' STAMP Summary'!Q$100 -> 0.58823529 | AG175: =' STAMP Summary'!R13/' STAMP Summary'!R$100 -> 0.42105263 | AH175: =' STAMP Summary'!S13/' STAMP Summary'!S$100 -> 0.021052632 | AI175: =' STAMP Summary'!T13/' STAMP Summary'!T$100 -> #DIV/0! | AJ175: =' STAMP Summary'!U13/' STAMP Summary'!U$100 -> 0 | ... AN175: =' STAMP Summary'!Y13/' STAMP Summary'!Y$100 -> 0 | AO175: =AVERAGE(AD175:AN175) -> #DIV/0! | AW175: =STDEV(AD175:AN175) -> #DIV/0!
Z176: 36775 | AC176: =' STAMP Summary'!N14/' STAMP Summary'!N$100 -> #DIV/0! | AD176: =' STAMP Summary'!O14/' STAMP Summary'!O$100 -> #DIV/0! | AE176: =' STAMP Summary'!P14/' STAMP Summary'!P$100 -> 0.45833333 | AF176: =' STAMP Summary'!Q14/' STAMP Summary'!Q$100 -> 0.47058824 | AG176: =' STAMP Summary'!R14/' STAMP Summary'!R$100 -> 0.52631579 | AH176: =' STAMP Summary'!S14/' STAMP Summary'!S$100 -> 0 | AI176: =' STAMP Summary'!T14/' STAMP Summary'!T$100 -> #DIV/0! | AJ176: =' STAMP Summary'!U14/' STAMP Summary'!U$100 -> 0.065217391 | ... AN176: =' STAMP Summary'!Y14/' STAMP Summary'!Y$100 -> 0 | AO176: =AVERAGE(AD176:AN176) -> #DIV/0! | AW176: =STDEV(AD176:AN176) -> #DIV/0!
Z177: 36776 | AC177: =' STAMP Summary'!N15/' STAMP Summary'!N$100 -> #DIV/0! | AD177: =' STAMP Summary'!O15/' STAMP Summary'!O$100 -> #DIV/0! | AE177: =' STAMP Summary'!P15/' STAMP Summary'!P$100 -> 0.5 | AF177: =' STAMP Summary'!Q15/' STAMP Summary'!Q$100 -> 0.76470588 | AG177: =' STAMP Summary'!R15/' STAMP Summary'!R$100 -> 0.052631579 | AH177: =' STAMP Summary'!S15/' STAMP Summary'!S$100 -> 0.063157895 | AI177: =' STAMP Summary'!T15/' STAMP Summary'!T$100 -> #DIV/0! | AJ177: =' STAMP Summary'!U15/' STAMP Summary'!U$100 -> 0 | ... AN177: =' STAMP Summary'!Y15/' STAMP Summary'!Y$100 -> 0 | AO177: =AVERAGE(AD177:AN177) -> #DIV/0! | AW177: =STDEV(AD177:AN177) -> #DIV/0!
Z178: 36777 | AC178: =' STAMP Summary'!N16/' STAMP Summary'!N$100 -> #DIV/0! | AD178: =' STAMP Summary'!O16/' STAMP Summary'!O$100 -> #DIV/0! | AE178: =' STAMP Summary'!P16/' STAMP Summary'!P$100 -> 0.20833333 | AF178: =' STAMP Summary'!Q16/' STAMP Summary'!Q$100 -> 0.79411765 | AG178: =' STAMP Summary'!R16/' STAMP Summary'!R$100 -> 0.052631579 | AH178: =' STAMP Summary'!S16/' STAMP Summary'!S$100 -> 0.073684211 | AI178: =' STAMP Summary'!T16/' STAMP Summary'!T$100 -> #DIV/0! | AJ178: =' STAMP Summary'!U16/' STAMP Summary'!U$100 -> 0 | ... AN178: =' STAMP Summary'!Y16/' STAMP Summary'!Y$100 -> 0 | AO178: =AVERAGE(AD178:AN178) -> #DIV/0! | AW178: =STDEV(AD178:AN178) -> #DIV/0!
Z179: 36778 | AC179: =' STAMP Summary'!N17/' STAMP Summary'!N$100 -> #DIV/0! | AD179: =' STAMP Summary'!O17/' STAMP Summary'!O$100 -> #DIV/0! | AE179: =' STAMP Summary'!P17/' STAMP Summary'!P$100 -> 0.58333333 | AF179: =' STAMP Summary'!Q17/' STAMP Summary'!Q$100 -> 0.5 | AG179: =' STAMP Summary'!R17/' STAMP Summary'!R$100 -> 0 | AH179: =' STAMP Summary'!S17/' STAMP Summary'!S$100 -> 0.073684211 | AI179: =' STAMP Summary'!T17/' STAMP Summary'!T$100 -> #DIV/0! | AJ179: =' STAMP Summary'!U17/' STAMP Summary'!U$100 -> 0.13043478 | ... AN179: =' STAMP Summary'!Y17/' STAMP Summary'!Y$100 -> 0 | AO179: =AVERAGE(AD179:AN179) -> #DIV/0! | AW179: =STDEV(AD179:AN179) -> #DIV/0!
Z180: 36779 | AC180: =' STAMP Summary'!N18/' STAMP Summary'!N$100 -> #DIV/0! | AD180: =' STAMP Summary'!O18/' STAMP Summary'!O$100 -> #DIV/0! | AE180: =' STAMP Summary'!P18/' STAMP Summary'!P$100 -> 0.45833333 | AF180: =' STAMP Summary'!Q18/' STAMP Summary'!Q$100 -> 0.52941176 | AG180: =' STAMP Summary'!R18/' STAMP Summary'!R$100 -> 0 | AH180: =' STAMP Summary'!S18/' STAMP Summary'!S$100 -> 0.031578947 | AI180: =' STAMP Summary'!T18/' STAMP Summary'!T$100 -> #DIV/0! | AJ180: =' STAMP Summary'!U18/' STAMP Summary'!U$100 -> 0.065217391 | ... AN180: =' STAMP Summary'!Y18/' STAMP Summary'!Y$100 -> 0 | AO180: =AVERAGE(AD180:AN180) -> #DIV/0! | AW180: =STDEV(AD180:AN180) -> #DIV/0!
Z181: 36780 | AC181: =' STAMP Summary'!N19/' STAMP Summary'!N$100 -> #DIV/0! | AD181: =' STAMP Summary'!O19/' STAMP Summary'!O$100 -> #DIV/0! | AE181: =' STAMP Summary'!P19/' STAMP Summary'!P$100 -> 1.8333333 | AF181: =' STAMP Summary'!Q19/' STAMP Summary'!Q$100 -> 1.5294118 | AG181: =' STAMP Summary'!R19/' STAMP Summary'!R$100 -> 0.10526316 | AH181: =' STAMP Summary'!S19/' STAMP Summary'!S$100 -> 0.031578947 | AI181: =' STAMP Summary'!T19/' STAMP Summary'!T$100 -> #DIV/0! | AJ181: =' STAMP Summary'!U19/' STAMP Summary'!U$100 -> 0.065217391 | ... AN181: =' STAMP Summary'!Y19/' STAMP Summary'!Y$100 -> 0 | AO181: =AVERAGE(AD181:AN181) -> #DIV/0! | AW181: =STDEV(AD181:AN181) -> #DIV/0!
Z182: 36781 | AC182: =' STAMP Summary'!N20/' STAMP Summary'!N$100 -> #DIV/0! | AD182: =' STAMP Summary'!O20/' STAMP Summary'!O$100 -> #DIV/0! | AE182: =' STAMP Summary'!P20/' STAMP Summary'!P$100 -> 1.7916667 | AF182: =' STAMP Summary'!Q20/' STAMP Summary'!Q$100 -> 1.7647059 | AG182: =' STAMP Summary'!R20/' STAMP Summary'!R$100 -> 0 | AH182: =' STAMP Summary'!S20/' STAMP Summary'!S$100 -> 0.021052632 | AI182: =' STAMP Summary'!T20/' STAMP Summary'!T$100 -> #DIV/0! | AJ182: =' STAMP Summary'!U20/' STAMP Summary'!U$100 -> 0.26086957 | ... AN182: =' STAMP Summary'!Y20/' STAMP Summary'!Y$100 -> 0 | AO182: =AVERAGE(AD182:AN182) -> #DIV/0! | AW182: =STDEV(AD182:AN182) -> #DIV/0!
Z183: 36782 | AC183: =' STAMP Summary'!N21/' STAMP Summary'!N$100 -> #DIV/0! | AD183: =' STAMP Summary'!O21/' STAMP Summary'!O$100 -> #DIV/0! | AE183: =' STAMP Summary'!P21/' STAMP Summary'!P$100 -> 1.375 | AF183: =' STAMP Summary'!Q21/' STAMP Summary'!Q$100 -> 2.8823529 | AG183: =' STAMP Summary'!R21/' STAMP Summary'!R$100 -> 0.26315789 | AH183: =' STAMP Summary'!S21/' STAMP Summary'!S$100 -> 0.094736842 | AI183: =' STAMP Summary'!T21/' STAMP Summary'!T$100 -> #DIV/0! | AJ183: =' STAMP Summary'!U21/' STAMP Summary'!U$100 -> 0.32608696 | ... AN183: =' STAMP Summary'!Y21/' STAMP Summary'!Y$100 -> 0 | AO183: =AVERAGE(AD183:AN183) -> #DIV/0! | AW183: =STDEV(AD183:AN183) -> #DIV/0!
Z184: 36783 | AC184: =' STAMP Summary'!N22/' STAMP Summary'!N$100 -> #DIV/0! | AD184: =' STAMP Summary'!O22/' STAMP Summary'!O$100 -> #DIV/0! | AE184: =' STAMP Summary'!P22/' STAMP Summary'!P$100 -> 2.0416667 | AF184: =' STAMP Summary'!Q22/' STAMP Summary'!Q$100 -> 3.4117647 | AG184: =' STAMP Summary'!R22/' STAMP Summary'!R$100 -> 0.42105263 | AH184: =' STAMP Summary'!S22/' STAMP Summary'!S$100 -> 0.30526316 | AI184: =' STAMP Summary'!T22/' STAMP Summary'!T$100 -> #DIV/0! | AJ184: =' STAMP Summary'!U22/' STAMP Summary'!U$100 -> 0.17391304 | ... AN184: =' STAMP Summary'!Y22/' STAMP Summary'!Y$100 -> 0 | AO184: =AVERAGE(AD184:AN184) -> #DIV/0! | AW184: =STDEV(AD184:AN184) -> #DIV/0!
Z185: 36784 | AC185: =' STAMP Summary'!N23/' STAMP Summary'!N$100 -> #DIV/0! | AD185: =' STAMP Summary'!O23/' STAMP Summary'!O$100 -> #DIV/0! | AE185: =' STAMP Summary'!P23/' STAMP Summary'!P$100 -> 2.2083333 | AF185: =' STAMP Summary'!Q23/' STAMP Summary'!Q$100 -> 3.0588235 | AG185: =' STAMP Summary'!R23/' STAMP Summary'!R$100 -> 1.0526316 | AH185: =' STAMP Summary'!S23/' STAMP Summary'!S$100 -> 0.58947368 | AI185: =' STAMP Summary'!T23/' STAMP Summary'!T$100 -> #DIV/0! | AJ185: =' STAMP Summary'!U23/' STAMP Summary'!U$100 -> 0.19565217 | ... AN185: =' STAMP Summary'!Y23/' STAMP Summary'!Y$100 -> 0 | AO185: =AVERAGE(AD185:AN185) -> #DIV/0! | AW185: =STDEV(AD185:AN185) -> #DIV/0!
Z186: 36785 | AC186: =' STAMP Summary'!N24/' STAMP Summary'!N$100 -> #DIV/0! | AD186: =' STAMP Summary'!O24/' STAMP Summary'!O$100 -> #DIV/0! | AE186: =' STAMP Summary'!P24/' STAMP Summary'!P$100 -> 3.7916667 | AF186: =' STAMP Summary'!Q24/' STAMP Summary'!Q$100 -> 3.4117647 | AG186: =' STAMP Summary'!R24/' STAMP Summary'!R$100 -> 0.84210526 | AH186: =' STAMP Summary'!S24/' STAMP Summary'!S$100 -> 0.24210526 | AI186: =' STAMP Summary'!T24/' STAMP Summary'!T$100 -> #DIV/0! | AJ186: =' STAMP Summary'!U24/' STAMP Summary'!U$100 -> 0.34782609 | ... AN186: =' STAMP Summary'!Y24/' STAMP Summary'!Y$100 -> 0 | AO186: =AVERAGE(AD186:AN186) -> #DIV/0! | AW186: =STDEV(AD186:AN186) -> #DIV/0!
... Z256: 36855 | AC256: =' STAMP Summary'!N94/' STAMP Summary'!N$100 -> #DIV/0! | AD256: =' STAMP Summary'!O94/' STAMP Summary'!O$100 -> #DIV/0! | AE256: =' STAMP Summary'!P94/' STAMP Summary'!P$100 -> 1.3333333 | AF256: =' STAMP Summary'!Q94/' STAMP Summary'!Q$100 -> 0.61764706 | AG256: =' STAMP Summary'!R94/' STAMP Summary'!R$100 -> 10.973684 | AH256: =' STAMP Summary'!S94/' STAMP Summary'!S$100 -> 6.6210526 | AI256: =' STAMP Summary'!T94/' STAMP Summary'!T$100 -> #DIV/0! | AJ256: =' STAMP Summary'!U94/' STAMP Summary'!U$100 -> 2.0652174 | ... AN256: =' STAMP Summary'!Y94/' STAMP Summary'!Y$100 -> 5.65 | AO256: =AVERAGE(AD256:AN256) -> #DIV/0! | AW256: =STDEV(AD256:AN256) -> #DIV/0!

Sheet  SPROAT Summary 
A1: SPROAT FALLS COUNTS. Note: Sproat counts for species other than sockeye may be overestimated in cases where entire hour not reviewed (e.g., count of 1 for a rarely seen species in 10 minutes of video review expands to 6 for the hourly count)
A2: Source of data:
A3: X:\WCVI\SOCKEYE\SOMASS\Data\ESCAPEMENT_PROGRAM\ | K3: There are yearly folders: Somass 2017, Somass 2016, etc. | L3: Yearly files: 2017 Final In-Season Somass Counts.xlsx, 2016 Final In-Season Somass Counts, etc
K4: In 2016 and onwards Final sockeye numbers: Sproat Sockeye Esc by Age tab (because starting in 2016 VidEsc database applied biodata to estimate jack/adult counts as opposed to outputting only visual jack/adult counts)
A5: YEAR | B5: 2020 | K5: In 2015: Final sockeye numbers in 2015biodata.xlsx, on Sproat Daily age tab (applied biodata manually in-season)
K6: Final numbers for all other species: Sproat Daily Inc Bypass tab or SPR_Daily Counts tab (2013)
B7: Data | L7: Sum of CN | M7: YEAR | AF7: CUMULATIVE ESCAPEMENTS OF CHINOOK ADULTS
A8: STDATE | B8: Adult chinook | C8: Jack Chinook | D8: Adult Coho | E8: Jack Coho | F8: Adult Sockeye | G8: Jack Sockeye | H8: Steelhead | I8: Chum | J8: Pink | L8: STDATE | M8: 2020 | N8: 2019 | O8: 2018 | P8: 2017 | Q8: 2016 | R8: 2015 | S8: 2014 | T8: 2013 | AF8: Date | AG8: 2020 | AH8: 2019 | AI8: 2018 | AJ8: 2017 | AK8: 2016 | AL8: 2015 | AM8: 2014 | AN8: 2013
A9: 731 | B9: 0 | C9: 0 | D9: 20 | E9: 0 | F9: 128127 | G9: 38707 | H9: 5 | I9: 0 | J9: 2.04 | L9: 731 | M9: 0 | N9: 0 | O9: 0 | P9: 0 | Q9: 0 | R9: 0 | S9: 1 | T9: 3 | AF9: 41851 | AG9: =L9 -> 731 | AH9: =M9 -> 0 | AI9: =N9 -> 0 | AJ9: =O9 -> 0 | AK9: =P9 -> 0 | AL9: =Q9 -> 0 | AM9: =R9 -> 0 | AN9: =S9 -> 1
A10: 801 | B10: 0 | C10: 0 | D10: 0 | E10: 0 | F10: 78 | G10: 78 | H10: 0 | I10: 0 | J10: 0 | L10: 801 | M10: 0 | N10: 0 | O10: 0 | P10: 0 | Q10: 0 | R10: 0 | S10: 0 | T10: 0 | AF10: 41852 | AG10: =L10 -> 801 | AH10: =AH9+M10 -> 0 | AI10: =AI9+N10 -> 0 | AJ10: =AJ9+O10 -> 0 | AK10: =AK9+P10 -> 0 | AL10: =AL9+Q10 -> 0 | AM10: =AM9+R10 -> 0 | AN10: =AN9+S10 -> 1
A11: 802 | B11: 0 | C11: 0 | D11: 3 | E11: 0 | F11: 182 | G11: 182 | H11: 0 | I11: 0 | J11: 0 | L11: 802 | M11: 0 | N11: 0 | O11: 0 | P11: 0 | Q11: 0 | R11: 0 | S11: 0 | T11: 0 | AF11: 41853 | AG11: =L11 -> 802 | AH11: =AH10+M11 -> 0 | AI11: =AI10+N11 -> 0 | AJ11: =AJ10+O11 -> 0 | AK11: =AK10+P11 -> 0 | AL11: =AL10+Q11 -> 0 | AM11: =AM10+R11 -> 0 | AN11: =AN10+S11 -> 1
A12: 803 | B12: 0 | C12: 0 | D12: 4 | E12: 0 | F12: 156 | G12: 156 | H12: 0 | I12: 0 | J12: 0 | L12: 803 | M12: 0 | N12: 0 | O12: 0 | P12: 0 | Q12: 0 | R12: 0 | S12: 0 | T12: 0 | AF12: 41854 | AG12: =L12 -> 803 | AH12: =AH11+M12 -> 0 | AI12: =AI11+N12 -> 0 | AJ12: =AJ11+O12 -> 0 | AK12: =AK11+P12 -> 0 | AL12: =AL11+Q12 -> 0 | AM12: =AM11+R12 -> 0 | AN12: =AN11+S12 -> 1
A13: 804 | B13: 0 | C13: 0 | D13: 1 | E13: 0 | F13: 70 | G13: 70 | H13: 0 | I13: 0 | J13: 0 | L13: 804 | M13: 0 | N13: 0 | O13: 0 | P13: 0 | Q13: 0 | R13: 0 | S13: 0 | T13: 0 | AF13: 41855 | AG13: =L13 -> 804 | AH13: =AH12+M13 -> 0 | AI13: =AI12+N13 -> 0 | AJ13: =AJ12+O13 -> 0 | AK13: =AK12+P13 -> 0 | AL13: =AL12+Q13 -> 0 | AM13: =AM12+R13 -> 0 | AN13: =AN12+S13 -> 1
A14: 805 | B14: 0 | C14: 0 | D14: 2.03 | E14: 2.03 | F14: 52 | G14: 52 | H14: 1.02 | I14: 0 | J14: 0 | L14: 805 | M14: 0 | N14: 0 | O14: 0 | P14: 0 | Q14: 0 | R14: 0 | S14: 0 | T14: 0 | AF14: 41856 | AG14: =L14 -> 805 | AH14: =AH13+M14 -> 0 | AI14: =AI13+N14 -> 0 | AJ14: =AJ13+O14 -> 0 | AK14: =AK13+P14 -> 0 | AL14: =AL13+Q14 -> 0 | AM14: =AM13+R14 -> 0 | AN14: =AN13+S14 -> 1
A15: 806 | B15: 0 | C15: 0 | D15: 5.16 | E15: 2.06 | F15: 46 | G15: 46 | H15: 0 | I15: 0 | J15: 0 | L15: 806 | M15: 0 | N15: 0 | O15: 0 | P15: 0 | Q15: 0 | R15: 0 | S15: 0 | T15: 0 | AF15: 41857 | AG15: =L15 -> 806 | AH15: =AH14+M15 -> 0 | AI15: =AI14+N15 -> 0 | AJ15: =AJ14+O15 -> 0 | AK15: =AK14+P15 -> 0 | AL15: =AL14+Q15 -> 0 | AM15: =AM14+R15 -> 0 | AN15: =AN14+S15 -> 1
A16: 807 | B16: 0 | C16: 0 | D16: 7.34 | E16: 3.14 | F16: 150 | G16: 150 | H16: 0 | I16: 0 | J16: 0 | L16: 807 | M16: 0 | N16: 0 | O16: 0 | P16: 0 | Q16: 0 | R16: 0 | S16: 1.0263344 | T16: 0 | AF16: 41858 | AG16: =L16 -> 807 | AH16: =AH15+M16 -> 0 | AI16: =AI15+N16 -> 0 | AJ16: =AJ15+O16 -> 0 | AK16: =AK15+P16 -> 0 | AL16: =AL15+Q16 -> 0 | AM16: =AM15+R16 -> 0 | AN16: =AN15+S16 -> 2.0263344
A17: 808 | B17: 0 | C17: 0 | D17: 5.32 | E17: 5.32 | F17: 32 | G17: 32 | H17: 0 | I17: 0 | J17: 0 | L17: 808 | M17: 0 | N17: 0 | O17: 0 | P17: 0 | Q17: 0 | R17: 0 | S17: 0 | T17: 0 | AF17: 41859 | AG17: =L17 -> 808 | AH17: =AH16+M17 -> 0 | AI17: =AI16+N17 -> 0 | AJ17: =AJ16+O17 -> 0 | AK17: =AK16+P17 -> 0 | AL17: =AL16+Q17 -> 0 | AM17: =AM16+R17 -> 0 | AN17: =AN16+S17 -> 2.0263344
A18: 809 | B18: 0 | C18: 0 | D18: 34.56 | E18: 0 | F18: 68 | G18: 68 | H18: 0 | I18: 0 | J18: 0 | L18: 809 | M18: 0 | N18: 0 | O18: 0 | P18: 0 | Q18: 0 | R18: 0 | S18: 0 | T18: 0 | AF18: 41860 | AG18: =L18 -> 809 | AH18: =AH17+M18 -> 0 | AI18: =AI17+N18 -> 0 | AJ18: =AJ17+O18 -> 0 | AK18: =AK17+P18 -> 0 | AL18: =AL17+Q18 -> 0 | AM18: =AM17+R18 -> 0 | AN18: =AN17+S18 -> 2.0263344
A19: 810 | B19: 0 | C19: 0 | D19: 43.84 | E19: 3.29 | F19: 70 | G19: 70 | H19: 0 | I19: 0 | J19: 0 | L19: 810 | M19: 0 | N19: 0 | O19: 0 | P19: 0 | Q19: 0 | R19: 0 | S19: 0 | T19: 0 | AF19: 41861 | AG19: =L19 -> 810 | AH19: =AH18+M19 -> 0 | AI19: =AI18+N19 -> 0 | AJ19: =AJ18+O19 -> 0 | AK19: =AK18+P19 -> 0 | AL19: =AL18+Q19 -> 0 | AM19: =AM18+R19 -> 0 | AN19: =AN18+S19 -> 2.0263344
A20: 811 | B20: 0 | C20: 0 | D20: 62.22 | E20: 5.56 | F20: 92 | G20: 92 | H20: 0 | I20: 0 | J20: 0 | L20: 811 | M20: 0 | N20: 0 | O20: 0 | P20: 0 | Q20: 0 | R20: 0 | S20: 0 | T20: 0 | AF20: 41862 | AG20: =L20 -> 811 | AH20: =AH19+M20 -> 0 | AI20: =AI19+N20 -> 0 | AJ20: =AJ19+O20 -> 0 | AK20: =AK19+P20 -> 0 | AL20: =AL19+Q20 -> 0 | AM20: =AM19+R20 -> 0 | AN20: =AN19+S20 -> 2.0263344
A21: 812 | B21: 0 | C21: 0 | D21: 46.57 | E21: 9.75 | F21: 56 | G21: 56 | H21: 0 | I21: 1.08 | J21: 0 | L21: 812 | M21: 0 | N21: 0 | O21: 0 | P21: 0 | Q21: 0 | R21: 0 | S21: 0 | T21: 3 | AF21: 41863 | AG21: =L21 -> 812 | AH21: =AH20+M21 -> 0 | AI21: =AI20+N21 -> 0 | AJ21: =AJ20+O21 -> 0 | AK21: =AK20+P21 -> 0 | AL21: =AL20+Q21 -> 0 | AM21: =AM20+R21 -> 0 | AN21: =AN20+S21 -> 2.0263344
... A56: 916 | B56: 0 | C56: 0 | D56: 26 | E56: 6 | F56: 0 | G56: 0 | H56: 0 | I56: 0 | J56: 0 | L56: 916 | M56: 0 | N56: 0 | O56: 1 | P56: 0 | Q56: 0 | R56: 0 | S56: 0 | T56: 0 | AF56: 41898 | AG56: =L56 -> 916 | AH56: =AH55+M56 -> 0 | AI56: =AI55+N56 -> 15 | AJ56: =AJ55+O56 -> 2 | AK56: =AK55+P56 -> 10.5 | AL56: =AL55+Q56 -> 1 | AM56: =AM55+R56 -> 8.14 | AN56: =AN55+S56 -> 2.0263344
A57: 917 | L57: 917 | M57: 0 | N57: 0 | O57: 5 | P57: 0 | Q57: 0 | R57: 0 | S57: 0 | T57: 0 | AF57: 41899 | AG57: =L57 -> 917 | AH57: =AH56+M57 -> 0 | AI57: =AI56+N57 -> 15 | AJ57: =AJ56+O57 -> 7 | AK57: =AK56+P57 -> 10.5 | AL57: =AL56+Q57 -> 1 | AM57: =AM56+R57 -> 8.14 | AN57: =AN56+S57 -> 2.0263344
A58: 918 | L58: 918 | M58: 0 | N58: 0 | O58: 1 | P58: 0 | Q58: 0 | R58: 0 | S58: 15.855672 | T58: 0 | AF58: 41900 | AG58: =L58 -> 918 | AH58: =AH57+M58 -> 0 | AI58: =AI57+N58 -> 15 | AJ58: =AJ57+O58 -> 8 | AK58: =AK57+P58 -> 10.5 | AL58: =AL57+Q58 -> 1 | AM58: =AM57+R58 -> 8.14 | AN58: =AN57+S58 -> 17.882006
A59: 919 | L59: 919 | M59: 0 | N59: 0 | O59: 0 | P59: 0 | Q59: 0 | R59: 0 | S59: 0 | T59: 0 | AF59: 41901 | AG59: =L59 -> 919 | AH59: =AH58+M59 -> 0 | AI59: =AI58+N59 -> 15 | AJ59: =AJ58+O59 -> 8 | AK59: =AK58+P59 -> 10.5 | AL59: =AL58+Q59 -> 1 | AM59: =AM58+R59 -> 8.14 | AN59: =AN58+S59 -> 17.882006
A60: 920 | L60: 920 | M60: 0 | N60: 0 | O60: 0 | P60: 0 | Q60: 0 | R60: 0 | S60: 0 | T60: 0 | AF60: 41902 | AG60: =L60 -> 920 | AH60: =AH59+M60 -> 0 | AI60: =AI59+N60 -> 15 | AJ60: =AJ59+O60 -> 8 | AK60: =AK59+P60 -> 10.5 | AL60: =AL59+Q60 -> 1 | AM60: =AM59+R60 -> 8.14 | AN60: =AN59+S60 -> 17.882006
A61: 921 | L61: 921 | M61: 0 | N61: 1 | O61: 0 | P61: 0 | Q61: 0 | R61: 0 | S61: 0 | T61: 0 | AF61: 41903 | AG61: =L61 -> 921 | AH61: =AH60+M61 -> 0 | AI61: =AI60+N61 -> 16 | AJ61: =AJ60+O61 -> 8 | AK61: =AK60+P61 -> 10.5 | AL61: =AL60+Q61 -> 1 | AM61: =AM60+R61 -> 8.14 | AN61: =AN60+S61 -> 17.882006
A62: 922 | L62: 922 | M62: 0 | N62: 0 | O62: 5 | P62: 0 | Q62: 0 | R62: 0 | S62: 0 | T62: 0 | AF62: 41904 | AG62: =L62 -> 922 | AH62: =AH61+M62 -> 0 | AI62: =AI61+N62 -> 16 | AJ62: =AJ61+O62 -> 13 | AK62: =AK61+P62 -> 10.5 | AL62: =AL61+Q62 -> 1 | AM62: =AM61+R62 -> 8.14 | AN62: =AN61+S62 -> 17.882006
A63: 923 | L63: 923 | M63: 0 | N63: 0 | O63: 2 | P63: 0 | Q63: 0 | R63: 0 | S63: 0 | T63: 0 | AF63: 41905 | AG63: =L63 -> 923 | AH63: =AH62+M63 -> 0 | AI63: =AI62+N63 -> 16 | AJ63: =AJ62+O63 -> 15 | AK63: =AK62+P63 -> 10.5 | AL63: =AL62+Q63 -> 1 | AM63: =AM62+R63 -> 8.14 | AN63: =AN62+S63 -> 17.882006
A64: 924 | L64: 924 | M64: 0 | N64: 1 | O64: 1 | P64: 0 | Q64: 0 | R64: 0 | S64: 0 | T64: 0 | AF64: 41906 | AG64: =L64 -> 924 | AH64: =AH63+M64 -> 0 | AI64: =AI63+N64 -> 17 | AJ64: =AJ63+O64 -> 16 | AK64: =AK63+P64 -> 10.5 | AL64: =AL63+Q64 -> 1 | AM64: =AM63+R64 -> 8.14 | AN64: =AN63+S64 -> 17.882006
A65: 925 | L65: 925 | M65: 0 | N65: 0 | O65: 3 | P65: 0 | Q65: 0 | R65: 3.02 | S65: 0 | T65: 0 | AF65: 41907 | AG65: =L65 -> 925 | AH65: =AH64+M65 -> 0 | AI65: =AI64+N65 -> 17 | AJ65: =AJ64+O65 -> 19 | AK65: =AK64+P65 -> 10.5 | AL65: =AL64+Q65 -> 1 | AM65: =AM64+R65 -> 11.16 | AN65: =AN64+S65 -> 17.882006
A66: 926 | L66: 926 | M66: 0 | N66: 0 | O66: 3 | P66: 0 | Q66: 0 | R66: 0 | S66: 1.0615079 | T66: 0 | AF66: 41908 | AG66: =L66 -> 926 | AH66: =AH65+M66 -> 0 | AI66: =AI65+N66 -> 17 | AJ66: =AJ65+O66 -> 22 | AK66: =AK65+P66 -> 10.5 | AL66: =AL65+Q66 -> 1 | AM66: =AM65+R66 -> 11.16 | AN66: =AN65+S66 -> 18.943514
A67: 927 | L67: 927 | M67: 0 | N67: 0 | O67: 1 | P67: 0 | Q67: 0 | R67: 0 | S67: 1.03704 | T67: 0 | AF67: 41909 | AG67: =L67 -> 927 | AH67: =AH66+M67 -> 0 | AI67: =AI66+N67 -> 17 | AJ67: =AJ66+O67 -> 23 | AK67: =AK66+P67 -> 10.5 | AL67: =AL66+Q67 -> 1 | AM67: =AM66+R67 -> 11.16 | AN67: =AN66+S67 -> 19.980554
A68: 928 | L68: 928 | M68: 0 | N68: 0 | O68: 1 | P68: 0 | Q68: 0 | R68: 0 | S68: 0 | T68: 0 | AF68: 41910 | AG68: =L68 -> 928 | AH68: =AH67+M68 -> 0 | AI68: =AI67+N68 -> 17 | AJ68: =AJ67+O68 -> 24 | AK68: =AK67+P68 -> 10.5 | AL68: =AL67+Q68 -> 1 | AM68: =AM67+R68 -> 11.16 | AN68: =AN67+S68 -> 19.980554
... A131: 1130 | L131: 1130 | M131: 0 | N131: 0 | O131: 0 | P131: 0 | Q131: 0 | R131: 0 | S131: 0 | T131: 0 | AF131: 41973 | AG131: =L131 -> 1130 | AH131: =AH130+M131 -> 0 | AI131: =AI130+N131 -> 260.5 | AJ131: =AJ130+O131 -> 316 | AK131: =AK130+P131 -> 221.5 | AL131: =AL130+Q131 -> 186 | AM131: =AM130+R131 -> 235.16 | AN131: =AN130+S131 -> 103.9807
A132: Grand Total | B132: 11 | C132: 2 | D132: 1739.79 | E132: 765.4 | F132: 129322 | G132: 39902 | H132: 25.05 | I132: 1.08 | J132: 2.04 | L132: Grand Total | M132: 0 | N132: 260.5 | O132: 316 | P132: 221.5 | Q132: 186 | R132: 235.16 | S132: 103.9807 | T132: 199
Q137: SPR | R137: STAMP
B138: Data
A139: YEAR | B139: Sum of CN | C139: Sum of CO | D139: Sum of SX | E139: Sum of CM | F139: Sum of PK | G139: Sum of ST | P139: YEAR | Q139: Sum of CO | R139: Sum of CO | S139: TOTAL
A140: 2013 | B140: 199 | C140: 14609.907 | D140: 203377.58 | E140: 1 | F140: 0 | G140: 414 | P140: 2018 | Q140: 336 | R140: 383 | S140: =SUM(Q140:R140) -> 719
A141: 2014 | B141: 103.9807 | C141: 11316.002 | D141: 278392.99 | E141: 5.0739896 | F141: 0 | G141: 143.08473 | P141: 2017 | Q141: 3471.36 | R141: 21175 | S141: =SUM(Q141:R141) -> 24646.36
A142: 2015 | B142: 235.16 | C142: 2876.14 | D142: 312264 | E142: 9.27 | F142: 0 | G142: 34.3 | P142: 2016 | Q142: 6857.88 | R142: 23717.5 | S142: =SUM(Q142:R142) -> 30575.38
A143: 2016 | B143: 186 | C143: 6857.88 | D143: 211930 | E143: 2 | F143: 0 | G143: 29.41 | P143: 2015 | Q143: 2876.14 | R143: 13438.48 | S143: =SUM(Q143:R143) -> 16314.62
A144: 2017 | B144: 221.5 | C144: 3471.36 | D144: 142691 | E144: 7.5 | F144: 6 | G144: 108.47 | P144: 2014 | Q144: 11316.002 | R144: 35009.727 | S144: =SUM(Q144:R144) -> 46325.729
A145: 2018 | B145: 316 | C145: 4968 | D145: 146312.05 | E145: 3 | F145: 4 | G145: 231 | P145: 2013 | Q145: 14609.907 | R145: 51890.157 | S145: =SUM(Q145:R145) -> 66500.064
A146: 2019 | B146: 260.5 | C146: 3568.57 | D146: 91248 | E146: 0 | F146: 1 | G146: 87.01
A147: 2020 | B147: 11 | C147: 1739.79 | D147: 129322 | E147: 1.08 | F147: 2.04 | G147: 25.05
A148: Grand Total | B148: 1533.1407 | C148: 49407.649 | D148: 1515537.6 | E148: 28.92399 | F148: 13.04 | G148: 1072.3247

Sheet Annual Total
A1: NOTE THESE NUMBERS ARE NOT ADJUSTED COUNTS, RAW COUNTS ONLY and only recent years include counts through GCL prior to SF operation.
A2: 2012 - 2014 includes both daytime and nighttime counts. Prior to that most years did not include night migration.
A3: Stampfalls escapement
B5: Data
A6: YEAR | B6: Sum of CN | C6: Sum of JCN | D6: Sum of SX | E6: Sum of JSX | F6: Sum of CO | G6: Sum of JCO | H6: Sum of ST | I6: Sum of CM
A7: 1986 | B7: 35121 | D7: 33475 | F7: 27195 | H7: 561
A8: 1987 | B8: 53216 | D8: 55160 | F8: 17050 | H8: 825
A9: 1988 | B9: 66171 | C9: 10149 | D9: 24015 | F9: 10594 | G9: 1735 | H9: 947
A10: 1989 | B10: 60316 | C10: 16023 | D10: 38394 | F10: 33886 | G10: 4633 | H10: 598
A11: 1990 | B11: 117106 | C11: 18149 | D11: 70941 | F11: 45441 | G11: 5331 | H11: 408 | I11: 25
A12: 1991 | B12: 114414 | C12: 17843 | D12: 12345 | F12: 37949 | G12: 7572 | H12: 396 | I12: 62
A13: 1992 | B13: 140805 | C13: 4056 | D13: 91278 | F13: 50148 | G13: 7568 | H13: 1545 | I13: 18
A14: 1993 | B14: 96257 | C14: 1808 | D14: 61533 | F14: 15480 | G14: 861 | H14: 1338 | I14: 40
A15: 1994 | B15: 57678 | C15: 957 | D15: 38142 | F15: 977 | G15: 2986 | H15: 418 | I15: 8
A16: 1995 | B16: 27162 | C16: 2500 | D16: 73 | F16: 18373 | G16: 3210 | H16: 297 | I16: 0
A17: 1996 | B17: 27338 | C17: 1796 | D17: 14215 | F17: 14623 | G17: 4105 | H17: 564
A18: 1997 | B18: 26115 | C18: 643 | D18: 13076 | E18: 63 | F18: 6788 | G18: 3457 | H18: 514 | I18: 107
A19: 1998 | B19: 38103 | C19: 513 | D19: 85274 | E19: 12429 | F19: 67897 | G19: 6227 | H19: 608 | I19: 25
A20: 1999 | B20: 13786 | C20: 814 | D20: 361 | E20: 41 | F20: 43470 | G20: 8880 | H20: 474 | I20: 77
A21: 2000 | B21: 5032 | C21: 2304 | D21: 145 | E21: 28 | F21: 88617 | G21: 7296 | H21: 1338 | I21: 32
A22: 2001 | B22: 27706 | C22: 3447 | D22: 62153 | E22: 3271 | F22: 103230 | G22: 4887 | H22: 2007 | I22: 75
A23: 2002 | B23: 32690 | C23: 2438 | D23: 31884 | E23: 1468 | F23: 69111 | G23: 9300 | H23: 1401 | I23: 91
A24: 2003 | B24: 40227.75 | C24: 5496 | D24: 36966.75 | E24: 1301.25 | F24: 79829.25 | G24: 4556.75 | H24: 583.75 | I24: 224
A25: 2004 | B25: 64808 | C25: 2487 | D25: 174068 | E25: 8805 | F25: 37090 | G25: 6417 | H25: 374 | I25: 66
A26: 2005 | B26: 28935 | C26: 5813 | D26: 181097 | E26: 12678 | F26: 59640 | G26: 2116 | H26: 441 | I26: 81
A27: 2006 | B27: 52773 | C27: 911 | D27: 133804 | E27: 2042 | F27: 11507 | G27: 6403 | H27: 776 | I27: 154
A28: 2007 | B28: 16953 | C28: 2034 | D28: 70512 | E28: 7100 | F28: 44479 | G28: 4168 | H28: 293 | I28: 84
A29: 2008 | B29: 21080 | C29: 925 | D29: 61018 | E29: 12404 | F29: 41878 | G29: 2717 | H29: 603 | I29: 42
... A44: 2023 | B44: 95781.56 | C44: 3760 | D44: 118570 | E44: 92256 | F44: 18328.93 | G44: 2912.5 | H44: 1195 | I44: 52
A45: Grand Total | B45: 1770352.8 | C45: 157809.84 | D45: 4042229.7 | E45: 501899.83 | F45: 1339778.2 | G45: 152090.32 | H45: 34957.974 | I45: 2092

Sheet CO Graph
A1: COHO COUNTS AT STAMP FALLS FISHWAY | CS1: Need to review these esc nos from annual 'Verification Data and Adjustments' files.
CS3: BY | CT3: 1986 | CU3: 1987 | CV3: 1988 | CW3: 1989 | CX3: 1990 | CY3: 1991 | CZ3: 1992 | DA3: 1993 | DB3: 1994 | DC3: 1995 | DD3: 1996 | DE3: 1997 | DF3: 1998 | DG3: 1999 | DH3: 2000 | DI3: 2001 | DJ3: 2002 | DK3: 2003
AK4: Forecast can be found at T:\1SouthCoast\Coho Forecast, curren\doc name maybe like SAR-AS2008_nnn.doc or something | CS4: Jacks | CU4: 4633 | CV4: 5331 | CW4: 7572 | CX4: 7568 | CY4: 861 | CZ4: 2986 | DA4: 3210 | DB4: 4105 | DC4: 3315 | DD4: 5005 | DE4: 9124 | DF4: 7548 | DG4: 5299 | DH4: 9205 | DI4: 4117 | DJ4: 7009 | DK4: 1762
AK5: 2008 forecast | CS5: Adults | CT5: 33886 | CU5: 45441 | CV5: 37949 | CW5: 50148 | CX5: 15480 | CY5: 977 | CZ5: 18373 | DA5: 14623 | DB5: 6496 | DC5: 70711 | DD5: 46379 | DE5: 92619 | DF5: 130620 | DG5: 75748 | DH5: 90527 | DI5: 40268 | DJ5: 66099
AK6: survival (Steve Baillie) | AM6: 0.007 | AP6: Science Advisory Report (sort of) Estimate | AR6: Daytime escapement estimate.
AK7: RCH prodn | AM7: 799000 | CS7: Change relative to previous year.
AK8: Ttl RCH Prodn | AM8: =AM6*AM7 -> 5593 | CS8: Jacks | DC8: =DC4/DB4 -> 0.80755177 | DD8: =DD4/DC4 -> 1.5098039 | DE8: =DE4/DD4 -> 1.822977 | DF8: =DF4/DE4 -> 0.82726874 | DG8: =DG4/DF4 -> 0.70204028 | DH8: =DH4/DG4 -> 1.7371202 | DI8: =DI4/DH4 -> 0.44725693 | DJ8: =DJ4/DI4 -> 1.7024532
AK9: Natural Prodn | AM9: =(0.3/0.7)*AM8 -> 2397 | CS9: Adults | DC9: =DC5/DB5 -> 10.885314 | DD9: =DD5/DC5 -> 0.65589512 | DE9: =DE5/DD5 -> 1.997003 | DF9: =DF5/DE5 -> 1.4102938 | DG9: =DG5/DF5 -> 0.57991119 | DH9: =DH5/DG5 -> 1.1951075 | DI9: =DI5/DH5 -> 0.44481757 | DJ9: =DJ5/DI5 -> 1.6414771
AK10: Total Production | AM10: =AM8+AM9 -> 7990
AK11: Estimated Harvest | AM11: 10000 | CS11: Adults/Jacks | CU11: =CU5/CU4 -> 9.8081157 | CV11: =CV5/CV4 -> 7.1185519 | CW11: =CW5/CW4 -> 6.6228209 | CX11: =CX5/CX4 -> 2.0454545 | CY11: =CY5/CY4 -> 1.1347271 | CZ11: =CZ5/CZ4 -> 6.1530476 | DA11: =DA5/DA4 -> 4.5554517 | DB11: =DB5/DB4 -> 1.5824604 | ... DJ11: =DJ5/DJ4 -> 9.4305892
AK12: Potential Escapement | AM12: =AM10-AM11 -> -2010 | AN12: Appears a little low!!
AK15: 2009 Forecast from Diana is 27,000 hatchery coho +10-15,000 'wild'. Use a 'forecast' of 40,000 to begin with and a harvest of 3,000.
AK16: 2009. Increased to 70,000 terminal return on Oct 15 based on current escapement and 'average' timing.
AK17: 2011 | AL17: Forecast for 40-60,000 Terminal Return. Average 50k. Est 10k harvest leaves 40k escapement
AK18: 2012 | AL18: Forecast for 25-35,000 Terminal Return. Average 30k. Est 0 (zero) harvest (Diana Dobson) leaves 30k escapement
AK19: 2013 | AL19: Forescast. Poss 40,000?
AK20: 2014 | AL20: Forecast from Diana D . Initially for 20k escapement given only 205k released by RCH from 2011 brood.
AK21: 2017 | AL21: Returns similar to previous years. No formal forecast available
AK22: 2018 | AL22: No formal forecast available. Returns may be lower than 2017 (based on lower esc in 2015 brood year, and lower marine survival predicted in 2018 marine survival forecast of southern BC coho)
Z29: Expected adult esc in 2019 | BV29: Expected jack esc in 2018
Z30: 20000 | BV30: =AVERAGE(BR156:BV156) -> 3631.1025 | BW30: avg esc from 2013-2017
A31: CUMULATIVE DAILY ADULT COHO ESCAPEMENT THROUGH STAMP FALLS | AY31: CUMULATIVE JACK COHO ESCAPEMENT THROUGH STAMP FALLS
A32: Daily Adult COho | B32: YEAR | Z32: CUMULATIVE % OF FINAL ADULT COHO ESCAPEMENT THROUGH STAMP FALLS (current year based on expected escapement) | BB32: Sum of JCO | BC32: YEAR
A33: STDATE | B33: 2000 | C33: 2001 | D33: 2002 | E33: 2003 | F33: 2004 | G33: 2005 | H33: 2006 | I33: 2007 | J33: 2008 | K33: 2009 | L33: 2010 | M33: 2011 | N33: 2012 | O33: 2013 | P33: 2014 | Q33: 2015 | R33: 2016 | S33: 2017 | T33: 2018 | U33: 2019 | V33: 2020 | W33: 2021 | X33: 2022 | Z33: =B33 -> 2000 | AA33: =C33 -> 2001 | AB33: =D33 -> 2002 | AC33: =E33 -> 2003 | AD33: =F33 -> 2004 | AE33: =G33 -> 2005 | AF33: =H33 -> 2006 | AG33: =I33 -> 2007 | ... AT33: =V33 -> 2020 | AU33: average 2014-2018 | AV33: (with 1 st.dev.) | AW33: Date | BB33: STDATE | BC33: 1999 | BD33: 2000 | BE33: 2001 | BF33: 2002 | BG33: 2003 | BH33: 2004 | BI33: 2005 | BJ33: 2006 | BK33: 2007 | BL33: 2008 | BM33: 2009 | BN33: 2010 | BO33: 2011 | BP33: 2012 | BQ33: 2013 | BR33: 2014 | BS33: 2015 | BT33: 2016 | BU33: 2017 | BV33: 2018 | BW33: 2019 | BY33: =BC33 -> 1999 | BZ33: =BD33 -> 2000 | CA33: =BE33 -> 2001 | CB33: =BF33 -> 2002 | CC33: =BG33 -> 2003 | CD33: =BH33 -> 2004 | CE33: =BI33 -> 2005 | CF33: =BJ33 -> 2006 | ... CS33: =BW33 -> 2019 | CT33: average 2014-2018 | CU33: w/1stdev | CV33: Date
A34: 0731 | B34: 0 | C34: 0 | D34: 0 | E34: 0 | F34: 0 | G34: 0 | H34: 0 | I34: 0 | J34: 0 | K34: 0 | L34: 0 | M34: 0 | N34: 0 | O34: 0 | P34: 19 | Q34: 0 | R34: 22 | S34: 35 | T34: 22 | U34: 38 | V34: 4 | W34: 15 | X34: 56 | Z34: =B34/B$156 -> 0 | AA34: =C34/C$156 -> 0 | AB34: =D34/D$156 -> 0 | AC34: =E34/E$156 -> 0 | AD34: =F34/F$156 -> 0 | AE34: =G34/G$156 -> 0 | AF34: =H34/H$156 -> 0 | AG34: =I34/I$156 -> 0 | ... AS34: =U34/U$156 -> 0.0035563309 | AT34: =$Z$30*AU34 -> 29.612274 | AU34: =AVERAGE(AO34:AS34) -> 0.0014806137 | AV34: =STDEV(AO34:AS34) -> 0.0013117057 | AW34: 731 | BB34: 0731 | BC34: 0 | BD34: 0 | BE34: 0 | BF34: 0 | BG34: 0 | BH34: 0 | BI34: 0 | BJ34: 0 | BK34: 0 | BL34: 0 | BM34: 0 | BN34: 0 | BO34: 0 | BP34: 0 | BQ34: 0 | BR34: 0 | BS34: -3 | BT34: 0 | BU34: 0 | BV34: 2 | BW34: 1 | BY34: =BC34/BC$156 -> 0 | BZ34: =BD34/BD$156 -> 0 | CA34: =BE34/BE$156 -> 0 | CB34: =BF34/BF$156 -> 0 | CC34: =BG34/BG$156 -> 0 | CD34: =BH34/BH$156 -> 0 | CE34: =BI34/BI$156 -> 0 | CF34: =BJ34/BJ$156 -> 0 | ... CR34: =BV34/BV$156 -> 0.00071225071 | CS34: =CT34*$BV$30 -> -0.27564109 | CT34: =AVERAGE(CN34:CR34) -> -7.5911129e-05 | CU34: =STDEV(CN34:CR34) -> 0.00064624486 | CV34: =AW34 -> 731
A35: 0801 | B35: 0 | C35: 0 | D35: 0 | E35: 0 | F35: 0 | G35: 0 | H35: 0 | I35: 0 | J35: 0 | K35: 0 | L35: 0 | M35: 0 | N35: 0 | O35: 0 | P35: 19 | Q35: 0 | R35: 23 | S35: 37 | T35: 23 | U35: 40 | V35: 5 | W35: 15 | X35: 71 | Z35: =B35/B$156 -> 0 | AA35: =C35/C$156 -> 0 | AB35: =D35/D$156 -> 0 | AC35: =E35/E$156 -> 0 | AD35: =F35/F$156 -> 0 | AE35: =G35/G$156 -> 0 | AF35: =H35/H$156 -> 0 | AG35: =I35/I$156 -> 0 | ... AS35: =U35/U$156 -> 0.0037435062 | AT35: =$Z$30*AU35 -> 31.13766 | AU35: =AVERAGE(AO35:AS35) -> 0.001556883 | AV35: =STDEV(AO35:AS35) -> 0.0013820752 | AW35: 801 | BB35: 0801 | BC35: 0 | BD35: 0 | BE35: 0 | BF35: 0 | BG35: 0 | BH35: 0 | BI35: 0 | BJ35: 0 | BK35: 0 | BL35: 0 | BM35: 0 | BN35: 0 | BO35: 0 | BP35: 0 | BQ35: 0 | BR35: 0 | BS35: -3 | BT35: 0 | BU35: 0 | BV35: 2 | BW35: 4 | BY35: =BC35/BC$156 -> 0 | BZ35: =BD35/BD$156 -> 0 | CA35: =BE35/BE$156 -> 0 | CB35: =BF35/BF$156 -> 0 | CC35: =BG35/BG$156 -> 0 | CD35: =BH35/BH$156 -> 0 | CE35: =BI35/BI$156 -> 0 | CF35: =BJ35/BJ$156 -> 0 | ... CR35: =BV35/BV$156 -> 0.00071225071 | CS35: =CT35*$BV$30 -> -0.27564109 | CT35: =AVERAGE(CN35:CR35) -> -7.5911129e-05 | CU35: =STDEV(CN35:CR35) -> 0.00064624486 | CV35: =AW35 -> 801
A36: 0802 | B36: 0 | C36: 0 | D36: 0 | E36: 0 | F36: 0 | G36: 0 | H36: 0 | I36: 0 | J36: 0 | K36: 0 | L36: 0 | M36: 0 | N36: 0 | O36: 0 | P36: 21 | Q36: 0 | R36: 32 | S36: 37 | T36: 32 | U36: 46 | V36: 8 | W36: 15 | X36: 74 | Z36: =B36/B$156 -> 0 | AA36: =C36/C$156 -> 0 | AB36: =D36/D$156 -> 0 | AC36: =E36/E$156 -> 0 | AD36: =F36/F$156 -> 0 | AE36: =G36/G$156 -> 0 | AF36: =H36/H$156 -> 0 | AG36: =I36/I$156 -> 0 | ... AS36: =U36/U$156 -> 0.0043050321 | AT36: =$Z$30*AU36 -> 36.973692 | AU36: =AVERAGE(AO36:AS36) -> 0.0018486846 | AV36: =STDEV(AO36:AS36) -> 0.0015581291 | AW36: 802 | BB36: 0802 | BC36: 0 | BD36: 0 | BE36: 0 | BF36: 0 | BG36: 0 | BH36: 0 | BI36: 0 | BJ36: 0 | BK36: 0 | BL36: 0 | BM36: 0 | BN36: 0 | BO36: 0 | BP36: 0 | BQ36: 0 | BR36: 0 | BS36: -3 | BT36: 1 | BU36: 0 | BV36: 6 | BW36: 5 | BY36: =BC36/BC$156 -> 0 | BZ36: =BD36/BD$156 -> 0 | CA36: =BE36/BE$156 -> 0 | CB36: =BF36/BF$156 -> 0 | CC36: =BG36/BG$156 -> 0 | CD36: =BH36/BH$156 -> 0 | CE36: =BI36/BI$156 -> 0 | CF36: =BJ36/BJ$156 -> 0 | ... CR36: =BV36/BV$156 -> 0.0021367521 | CS36: =CT36*$BV$30 -> 0.95418664 | CT36: =AVERAGE(CN36:CR36) -> 0.00026278152 | CU36: =STDEV(CN36:CR36) -> 0.0011709847 | CV36: =AW36 -> 802
A37: 0803 | B37: 0 | C37: 0 | D37: 0 | E37: 0 | F37: 0 | G37: 0 | H37: 0 | I37: 0 | J37: 0 | K37: 0 | L37: 0 | M37: 0 | N37: 0 | O37: 0 | P37: 25 | Q37: 0 | R37: 45 | S37: 38 | T37: 35 | U37: 49 | V37: 14 | W37: 15 | X37: 74 | Z37: =B37/B$156 -> 0 | AA37: =C37/C$156 -> 0 | AB37: =D37/D$156 -> 0 | AC37: =E37/E$156 -> 0 | AD37: =F37/F$156 -> 0 | AE37: =G37/G$156 -> 0 | AF37: =H37/H$156 -> 0 | AG37: =I37/I$156 -> 0 | ... AS37: =U37/U$156 -> 0.0045857951 | AT37: =$Z$30*AU37 -> 41.168807 | AU37: =AVERAGE(AO37:AS37) -> 0.0020584404 | AV37: =STDEV(AO37:AS37) -> 0.0016372395 | AW37: 803 | BB37: 0803 | BC37: 0 | BD37: 0 | BE37: 0 | BF37: 0 | BG37: 0 | BH37: 0 | BI37: 0 | BJ37: 0 | BK37: 0 | BL37: 0 | BM37: 0 | BN37: 0 | BO37: 0 | BP37: 0 | BQ37: 0 | BR37: 0 | BS37: -3 | BT37: 1 | BU37: 0 | BV37: 7 | BW37: 6 | BY37: =BC37/BC$156 -> 0 | BZ37: =BD37/BD$156 -> 0 | CA37: =BE37/BE$156 -> 0 | CB37: =BF37/BF$156 -> 0 | CC37: =BG37/BG$156 -> 0 | CD37: =BH37/BH$156 -> 0 | CE37: =BI37/BI$156 -> 0 | CF37: =BJ37/BJ$156 -> 0 | ... CR37: =BV37/BV$156 -> 0.0024928775 | CS37: =CT37*$BV$30 -> 1.2128122 | CT37: =AVERAGE(CN37:CR37) -> 0.00033400659 | CU37: =STDEV(CN37:CR37) -> 0.0013153914 | CV37: =AW37 -> 803
A38: 0804 | B38: 0 | C38: 0 | D38: 0 | E38: 0 | F38: 0 | G38: 0 | H38: 0 | I38: 0 | J38: 0 | K38: 0 | L38: 0 | M38: 0 | N38: 0 | O38: 0 | P38: 25 | Q38: 0 | R38: 55 | S38: 38 | T38: 39 | U38: 60 | V38: 20 | W38: 17 | X38: 75 | Z38: =B38/B$156 -> 0 | AA38: =C38/C$156 -> 0 | AB38: =D38/D$156 -> 0 | AC38: =E38/E$156 -> 0 | AD38: =F38/F$156 -> 0 | AE38: =G38/G$156 -> 0 | AF38: =H38/H$156 -> 0 | AG38: =I38/I$156 -> 0 | ... AS38: =U38/U$156 -> 0.0056152593 | AT38: =$Z$30*AU38 -> 47.894099 | AU38: =AVERAGE(AO38:AS38) -> 0.0023947049 | AV38: =STDEV(AO38:AS38) -> 0.0020307002 | AW38: 804 | BB38: 0804 | BC38: 0 | BD38: 0 | BE38: 0 | BF38: 0 | BG38: 0 | BH38: 0 | BI38: 0 | BJ38: 0 | BK38: 0 | BL38: 0 | BM38: 0 | BN38: 0 | BO38: 0 | BP38: 0 | BQ38: 0 | BR38: 0 | BS38: -3 | BT38: 1 | BU38: 0 | BV38: 8 | BW38: 7 | BY38: =BC38/BC$156 -> 0 | BZ38: =BD38/BD$156 -> 0 | CA38: =BE38/BE$156 -> 0 | CB38: =BF38/BF$156 -> 0 | CC38: =BG38/BG$156 -> 0 | CD38: =BH38/BH$156 -> 0 | CE38: =BI38/BI$156 -> 0 | CF38: =BJ38/BJ$156 -> 0 | ... CR38: =BV38/BV$156 -> 0.0028490028 | CS38: =CT38*$BV$30 -> 1.4714377 | CT38: =AVERAGE(CN38:CR38) -> 0.00040523166 | CU38: =STDEV(CN38:CR38) -> 0.0014628854 | CV38: =AW38 -> 804
A39: 0805 | B39: 0 | C39: 0 | D39: 0 | E39: 0 | F39: 0 | G39: 0 | H39: 0 | I39: 0 | J39: 0 | K39: 0 | L39: 0 | M39: 0 | N39: 0 | O39: 0 | P39: 25 | Q39: 0 | R39: 91 | S39: 38 | T39: 54 | U39: 64 | V39: 24 | W39: 17 | X39: 75 | Z39: =B39/B$156 -> 0 | AA39: =C39/C$156 -> 0 | AB39: =D39/D$156 -> 0 | AC39: =E39/E$156 -> 0 | AD39: =F39/F$156 -> 0 | AE39: =G39/G$156 -> 0 | AF39: =H39/H$156 -> 0 | AG39: =I39/I$156 -> 0 | ... AS39: =U39/U$156 -> 0.0059896099 | AT39: =$Z$30*AU39 -> 58.916403 | AU39: =AVERAGE(AO39:AS39) -> 0.0029458202 | AV39: =STDEV(AO39:AS39) -> 0.0022409887 | AW39: 805 | BB39: 0805 | BC39: 0 | BD39: 0 | BE39: 0 | BF39: 0 | BG39: 0 | BH39: 0 | BI39: 0 | BJ39: 0 | BK39: 0 | BL39: 0 | BM39: 0 | BN39: 0 | BO39: 0 | BP39: 0 | BQ39: 0 | BR39: 0 | BS39: -3 | BT39: 1 | BU39: 0 | BV39: 8 | BW39: 7 | BY39: =BC39/BC$156 -> 0 | BZ39: =BD39/BD$156 -> 0 | CA39: =BE39/BE$156 -> 0 | CB39: =BF39/BF$156 -> 0 | CC39: =BG39/BG$156 -> 0 | CD39: =BH39/BH$156 -> 0 | CE39: =BI39/BI$156 -> 0 | CF39: =BJ39/BJ$156 -> 0 | ... CR39: =BV39/BV$156 -> 0.0028490028 | CS39: =CT39*$BV$30 -> 1.4714377 | CT39: =AVERAGE(CN39:CR39) -> 0.00040523166 | CU39: =STDEV(CN39:CR39) -> 0.0014628854 | CV39: =AW39 -> 805
A40: 0806 | B40: 0 | C40: 0 | D40: 0 | E40: 0 | F40: 0 | G40: 0 | H40: 0 | I40: 0 | J40: 0 | K40: 0 | L40: 0 | M40: 0 | N40: 0 | O40: 0 | P40: 26 | Q40: 0 | R40: 155 | S40: 40 | T40: 65 | U40: 73 | V40: 24 | W40: 24 | X40: 92 | Z40: =B40/B$156 -> 0 | AA40: =C40/C$156 -> 0 | AB40: =D40/D$156 -> 0 | AC40: =E40/E$156 -> 0 | AD40: =F40/F$156 -> 0 | AE40: =G40/G$156 -> 0 | AF40: =H40/H$156 -> 0 | AG40: =I40/I$156 -> 0 | ... AS40: =U40/U$156 -> 0.0068318988 | AT40: =$Z$30*AU40 -> 75.989601 | AU40: =AVERAGE(AO40:AS40) -> 0.00379948 | AV40: =STDEV(AO40:AS40) -> 0.002948277 | AW40: 806 | BB40: 0806 | BC40: 0 | BD40: 0 | BE40: 0 | BF40: 0 | BG40: 0 | BH40: 0 | BI40: 0 | BJ40: 0 | BK40: 0 | BL40: 0 | BM40: 0 | BN40: 0 | BO40: 0 | BP40: 0 | BQ40: 0 | BR40: 0 | BS40: -3 | BT40: 1 | BU40: 0 | BV40: 8 | BW40: 7 | BY40: =BC40/BC$156 -> 0 | BZ40: =BD40/BD$156 -> 0 | CA40: =BE40/BE$156 -> 0 | CB40: =BF40/BF$156 -> 0 | CC40: =BG40/BG$156 -> 0 | CD40: =BH40/BH$156 -> 0 | CE40: =BI40/BI$156 -> 0 | CF40: =BJ40/BJ$156 -> 0 | ... CR40: =BV40/BV$156 -> 0.0028490028 | CS40: =CT40*$BV$30 -> 1.4714377 | CT40: =AVERAGE(CN40:CR40) -> 0.00040523166 | CU40: =STDEV(CN40:CR40) -> 0.0014628854 | CV40: =AW40 -> 806
A41: 0807 | B41: 0 | C41: 0 | D41: 0 | E41: 0 | F41: 0 | G41: 0 | H41: 0 | I41: 0 | J41: 0 | K41: 0 | L41: 0 | M41: 0 | N41: 0 | O41: 0 | P41: 26 | Q41: 0 | R41: 199.5 | S41: 43 | T41: 70 | U41: 81 | V41: 28 | W41: 36 | X41: 99 | Z41: =B41/B$156 -> 0 | AA41: =C41/C$156 -> 0 | AB41: =D41/D$156 -> 0 | AC41: =E41/E$156 -> 0 | AD41: =F41/F$156 -> 0 | AE41: =G41/G$156 -> 0 | AF41: =H41/H$156 -> 0 | AG41: =I41/I$156 -> 0 | ... AS41: =U41/U$156 -> 0.0075806 | AT41: =$Z$30*AU41 -> 88.207264 | AU41: =AVERAGE(AO41:AS41) -> 0.0044103632 | AV41: =STDEV(AO41:AS41) -> 0.0035818685 | AW41: 807 | BB41: 0807 | BC41: 0 | BD41: 0 | BE41: 0 | BF41: 0 | BG41: 0 | BH41: 0 | BI41: 0 | BJ41: 0 | BK41: 0 | BL41: 0 | BM41: 0 | BN41: 0 | BO41: 0 | BP41: 0 | BQ41: 0 | BR41: 0 | BS41: -3 | BT41: 2 | BU41: 0 | BV41: 8 | BW41: 7 | BY41: =BC41/BC$156 -> 0 | BZ41: =BD41/BD$156 -> 0 | CA41: =BE41/BE$156 -> 0 | CB41: =BF41/BF$156 -> 0 | CC41: =BG41/BG$156 -> 0 | CD41: =BH41/BH$156 -> 0 | CE41: =BI41/BI$156 -> 0 | CF41: =BJ41/BJ$156 -> 0 | ... CR41: =BV41/BV$156 -> 0.0028490028 | CS41: =CT41*$BV$30 -> 1.6667633 | CT41: =AVERAGE(CN41:CR41) -> 0.00045902402 | CU41: =STDEV(CN41:CR41) -> 0.0014615664 | CV41: =AW41 -> 807
A42: 0808 | B42: 0 | C42: 0 | D42: 0 | E42: 0 | F42: 0 | G42: 0 | H42: 0 | I42: 0 | J42: 0 | K42: 0 | L42: 0 | M42: 0 | N42: 0 | O42: 0 | P42: 30 | Q42: 0 | R42: 258.5 | S42: 47 | T42: 71 | U42: 89 | V42: 30 | W42: 46 | X42: 104 | Z42: =B42/B$156 -> 0 | AA42: =C42/C$156 -> 0 | AB42: =D42/D$156 -> 0 | AC42: =E42/E$156 -> 0 | AD42: =F42/F$156 -> 0 | AE42: =G42/G$156 -> 0 | AF42: =H42/H$156 -> 0 | AG42: =I42/I$156 -> 0 | ... AS42: =U42/U$156 -> 0.0083293013 | AT42: =$Z$30*AU42 -> 102.13836 | AU42: =AVERAGE(AO42:AS42) -> 0.0051069182 | AV42: =STDEV(AO42:AS42) -> 0.0044551027 | AW42: 808 | BB42: 0808 | BC42: 0 | BD42: 0 | BE42: 0 | BF42: 0 | BG42: 0 | BH42: 0 | BI42: 0 | BJ42: 0 | BK42: 0 | BL42: 0 | BM42: 0 | BN42: 0 | BO42: 0 | BP42: 0 | BQ42: 0 | BR42: 0 | BS42: -3 | BT42: 4 | BU42: 0 | BV42: 8 | BW42: 7 | BY42: =BC42/BC$156 -> 0 | BZ42: =BD42/BD$156 -> 0 | CA42: =BE42/BE$156 -> 0 | CB42: =BF42/BF$156 -> 0 | CC42: =BG42/BG$156 -> 0 | CD42: =BH42/BH$156 -> 0 | CE42: =BI42/BI$156 -> 0 | CF42: =BJ42/BJ$156 -> 0 | ... CR42: =BV42/BV$156 -> 0.0028490028 | CS42: =CT42*$BV$30 -> 2.0574145 | CT42: =AVERAGE(CN42:CR42) -> 0.00056660874 | CU42: =STDEV(CN42:CR42) -> 0.0014883782 | CV42: =AW42 -> 808
A43: 0809 | B43: 0 | C43: 0 | D43: 0 | E43: 0 | F43: 0 | G43: 0 | H43: 0 | I43: 0 | J43: 0 | K43: 0 | L43: 0 | M43: 0 | N43: 0 | O43: 0 | P43: 34 | Q43: 6 | R43: 307 | S43: 51 | T43: 75 | U43: 95 | V43: 37 | W43: 65 | X43: 118 | Z43: =B43/B$156 -> 0 | AA43: =C43/C$156 -> 0 | AB43: =D43/D$156 -> 0 | AC43: =E43/E$156 -> 0 | AD43: =F43/F$156 -> 0 | AE43: =G43/G$156 -> 0 | AF43: =H43/H$156 -> 0 | AG43: =I43/I$156 -> 0 | ... AS43: =U43/U$156 -> 0.0088908272 | AT43: =$Z$30*AU43 -> 116.02652 | AU43: =AVERAGE(AO43:AS43) -> 0.0058013261 | AV43: =STDEV(AO43:AS43) -> 0.0050732805 | AW43: 809 | BB43: 0809 | BC43: 0 | BD43: 0 | BE43: 0 | BF43: 0 | BG43: 0 | BH43: 0 | BI43: 0 | BJ43: 0 | BK43: 0 | BL43: 0 | BM43: 0 | BN43: 0 | BO43: 0 | BP43: 0 | BQ43: 0 | BR43: 0 | BS43: -3 | BT43: 4 | BU43: 0 | BV43: 8 | BW43: 8 | BY43: =BC43/BC$156 -> 0 | BZ43: =BD43/BD$156 -> 0 | CA43: =BE43/BE$156 -> 0 | CB43: =BF43/BF$156 -> 0 | CC43: =BG43/BG$156 -> 0 | CD43: =BH43/BH$156 -> 0 | CE43: =BI43/BI$156 -> 0 | CF43: =BJ43/BJ$156 -> 0 | ... CR43: =BV43/BV$156 -> 0.0028490028 | CS43: =CT43*$BV$30 -> 2.0574145 | CT43: =AVERAGE(CN43:CR43) -> 0.00056660874 | CU43: =STDEV(CN43:CR43) -> 0.0014883782 | CV43: =AW43 -> 809
A44: 0810 | B44: 0 | C44: 0 | D44: 0 | E44: 0 | F44: 0 | G44: 0 | H44: 0 | I44: 0 | J44: 0 | K44: 0 | L44: 0 | M44: 0 | N44: 0 | O44: 0 | P44: 43 | Q44: 9 | R44: 390 | S44: 60 | T44: 76 | U44: 107 | V44: 48 | W44: 88 | X44: 138 | Z44: =B44/B$156 -> 0 | AA44: =C44/C$156 -> 0 | AB44: =D44/D$156 -> 0 | AC44: =E44/E$156 -> 0 | AD44: =F44/F$156 -> 0 | AE44: =G44/G$156 -> 0 | AF44: =H44/H$156 -> 0 | AG44: =I44/I$156 -> 0 | ... AS44: =U44/U$156 -> 0.010013879 | AT44: =$Z$30*AU44 -> 137.34014 | AU44: =AVERAGE(AO44:AS44) -> 0.0068670069 | AV44: =STDEV(AO44:AS44) -> 0.0063738079 | AW44: 810 | BB44: 0810 | BC44: 0 | BD44: 0 | BE44: 0 | BF44: 0 | BG44: 0 | BH44: 0 | BI44: 0 | BJ44: 0 | BK44: 0 | BL44: 0 | BM44: 0 | BN44: 0 | BO44: 0 | BP44: 0 | BQ44: 0 | BR44: 0 | BS44: -3 | BT44: 4 | BU44: 1 | BV44: 8 | BW44: 8 | BY44: =BC44/BC$156 -> 0 | BZ44: =BD44/BD$156 -> 0 | CA44: =BE44/BE$156 -> 0 | CB44: =BF44/BF$156 -> 0 | CC44: =BG44/BG$156 -> 0 | CD44: =BH44/BH$156 -> 0 | CE44: =BI44/BI$156 -> 0 | CF44: =BJ44/BJ$156 -> 0 | ... CR44: =BV44/BV$156 -> 0.0028490028 | CS44: =CT44*$BV$30 -> 2.175021 | CT44: =AVERAGE(CN44:CR44) -> 0.00059899741 | CU44: =STDEV(CN44:CR44) -> 0.0014746645 | CV44: =AW44 -> 810
A45: 0811 | B45: 0 | C45: 0 | D45: 0 | E45: 0 | F45: 0 | G45: 0 | H45: 0 | I45: 0 | J45: 0 | K45: 0 | L45: 0 | M45: 0 | N45: 0 | O45: 0 | P45: 56 | Q45: 10 | R45: 482 | S45: 84 | T45: 77 | U45: 112 | V45: 53 | W45: 102 | X45: 193 | Z45: =B45/B$156 -> 0 | AA45: =C45/C$156 -> 0 | AB45: =D45/D$156 -> 0 | AC45: =E45/E$156 -> 0 | AD45: =F45/F$156 -> 0 | AE45: =G45/G$156 -> 0 | AF45: =H45/H$156 -> 0 | AG45: =I45/I$156 -> 0 | ... AS45: =U45/U$156 -> 0.010481817 | AT45: =$Z$30*AU45 -> 159.78939 | AU45: =AVERAGE(AO45:AS45) -> 0.0079894695 | AV45: =STDEV(AO45:AS45) -> 0.0077402918 | AW45: 811 | BB45: 0811 | BC45: 0 | BD45: 0 | BE45: 0 | BF45: 0 | BG45: 0 | BH45: 0 | BI45: 0 | BJ45: 0 | BK45: 0 | BL45: 0 | BM45: 0 | BN45: 0 | BO45: 0 | BP45: 0 | BQ45: 0 | BR45: 0 | BS45: -3 | BT45: 4 | BU45: 1 | BV45: 8 | BW45: 8 | BY45: =BC45/BC$156 -> 0 | BZ45: =BD45/BD$156 -> 0 | CA45: =BE45/BE$156 -> 0 | CB45: =BF45/BF$156 -> 0 | CC45: =BG45/BG$156 -> 0 | CD45: =BH45/BH$156 -> 0 | CE45: =BI45/BI$156 -> 0 | CF45: =BJ45/BJ$156 -> 0 | ... CR45: =BV45/BV$156 -> 0.0028490028 | CS45: =CT45*$BV$30 -> 2.175021 | CT45: =AVERAGE(CN45:CR45) -> 0.00059899741 | CU45: =STDEV(CN45:CR45) -> 0.0014746645 | CV45: =AW45 -> 811
... A156: 1130 | B156: 88617 | C156: 103230 | D156: 69111 | E156: 79829.25 | F156: 37090 | G156: 59640 | H156: 11507 | I156: 44479 | J156: 41878 | K156: 64595 | L156: 21610 | M156: 47540 | N156: 26676 | O156: 51890.157 | P156: 35009.727 | Q156: 13438.48 | R156: 23717.5 | S156: 21175 | T156: 17374 | U156: 10685.17 | V156: 12184 | W156: 23628 | X156: 24523.5 | Z156: =B156/B$156 -> 1 | AA156: =C156/C$156 -> 1 | AB156: =D156/D$156 -> 1 | AC156: =E156/E$156 -> 1 | AD156: =F156/F$156 -> 1 | AE156: =G156/G$156 -> 1 | AF156: =H156/H$156 -> 1 | AG156: =I156/I$156 -> 1 | ... AS156: =U156/U$156 -> 1 | AT156: =$Z$30*AU156 -> 20000 | AU156: =AVERAGE(AO156:AS156) -> 1 | AV156: =STDEV(AO156:AS156) -> 0 | AW156: 1130 | BB156: 1130 | BC156: 8880 | BD156: 7296 | BE156: 4887 | BF156: 9300 | BG156: 4556.75 | BH156: 6417 | BI156: 2116 | BJ156: 6403 | BK156: 4168 | BL156: 2717 | BM156: 1815 | BN156: 3893 | BO156: 2449 | BP156: 2838 | BQ156: 3784.7239 | BR156: 2706.7727 | BS156: 2747.74 | BT156: 3718 | BU156: 6175 | BV156: 2808 | BW156: 1840.33 | BY156: =BC156/BC$156 -> 1 | BZ156: =BD156/BD$156 -> 1 | CA156: =BE156/BE$156 -> 1 | CB156: =BF156/BF$156 -> 1 | CC156: =BG156/BG$156 -> 1 | CD156: =BH156/BH$156 -> 1 | CE156: =BI156/BI$156 -> 1 | CF156: =BJ156/BJ$156 -> 1 | ... CR156: =BV156/BV$156 -> 1 | CS156: =CT156*$BV$30 -> 3631.1025 | CT156: =AVERAGE(CN156:CR156) -> 1 | CU156: =STDEV(CN156:CR156) -> 0 | CV156: =AW156 -> 1130
A157: Grand Total | BB157: Grand Total
A163: Daily Adult COho | B163: YEAR | AY163: Sum of JCO | AZ163: YEAR
A164: STDATE | B164: 1997 | C164: 1998 | D164: 1999 | E164: 2000 | F164: 2001 | G164: 2002 | H164: 2003 | I164: 2004 | J164: 2005 | K164: 2006 | L164: 2007 | M164: 2008 | N164: 2009 | O164: 2010 | P164: 2011 | Q164: 2012 | R164: 2013 | S164: 2014 | T164: 2015 | U164: 2016 | V164: 2017 | W164: 2018 | AY164: STDATE | AZ164: 1997 | BA164: 1998 | BB164: 1999 | BC164: 2000 | BD164: 2001 | BE164: 2002 | BF164: 2003 | BG164: 2004 | BH164: 2005 | BI164: 2006 | BJ164: 2007 | BK164: 2008 | BL164: 2009 | BM164: 2010 | BN164: 2011 | BO164: 2012 | BP164: 2013 | BQ164: 2014 | BR164: 2015 | BS164: 2016 | BT164: 2017 | BU164: 2018
A165: 0731 | B165: 0 | C165: 0 | D165: 0 | E165: 0 | F165: 0 | G165: 0 | H165: 0 | I165: 0 | J165: 0 | K165: 0 | L165: 0 | M165: 0 | N165: 0 | O165: 0 | P165: 0 | Q165: 0 | R165: 0 | S165: 19 | T165: 0 | U165: 22 | V165: 35 | W165: 22 | AY165: 0731 | AZ165: 0 | BA165: 0 | BB165: 0 | BC165: 0 | BD165: 0 | BE165: 0 | BF165: 0 | BG165: 0 | BH165: 0 | BI165: 0 | BJ165: 0 | BK165: 0 | BL165: 0 | BM165: 0 | BN165: 0 | BO165: 0 | BP165: 0 | BQ165: 0 | BR165: -3 | BS165: 0 | BT165: 0 | BU165: 2
A166: 0801 | B166: 0 | C166: 0 | D166: 0 | E166: 0 | F166: 0 | G166: 0 | H166: 0 | I166: 0 | J166: 0 | K166: 0 | L166: 0 | M166: 0 | N166: 0 | O166: 0 | P166: 0 | Q166: 0 | R166: 0 | S166: 0 | T166: 0 | U166: 1 | V166: 2 | W166: 1 | AY166: 0801 | AZ166: 0 | BA166: 0 | BB166: 0 | BC166: 0 | BD166: 0 | BE166: 0 | BF166: 0 | BG166: 0 | BH166: 0 | BI166: 0 | BJ166: 0 | BK166: 0 | BL166: 0 | BM166: 0 | BN166: 0 | BO166: 0 | BP166: 0 | BQ166: 0 | BR166: 0 | BS166: 0 | BT166: 0 | BU166: 0
A167: 0802 | B167: 0 | C167: 0 | D167: 0 | E167: 0 | F167: 0 | G167: 0 | H167: 0 | I167: 0 | J167: 0 | K167: 0 | L167: 0 | M167: 0 | N167: 0 | O167: 0 | P167: 0 | Q167: 0 | R167: 0 | S167: 2 | T167: 0 | U167: 9 | V167: 0 | W167: 9 | AY167: 0802 | AZ167: 0 | BA167: 0 | BB167: 0 | BC167: 0 | BD167: 0 | BE167: 0 | BF167: 0 | BG167: 0 | BH167: 0 | BI167: 0 | BJ167: 0 | BK167: 0 | BL167: 0 | BM167: 0 | BN167: 0 | BO167: 0 | BP167: 0 | BQ167: 0 | BR167: 0 | BS167: 1 | BT167: 0 | BU167: 4
A168: 0803 | B168: 0 | C168: 0 | D168: 0 | E168: 0 | F168: 0 | G168: 0 | H168: 0 | I168: 0 | J168: 0 | K168: 0 | L168: 0 | M168: 0 | N168: 0 | O168: 0 | P168: 0 | Q168: 0 | R168: 0 | S168: 4 | T168: 0 | U168: 13 | V168: 1 | W168: 3 | AY168: 0803 | AZ168: 0 | BA168: 0 | BB168: 0 | BC168: 0 | BD168: 0 | BE168: 0 | BF168: 0 | BG168: 0 | BH168: 0 | BI168: 0 | BJ168: 0 | BK168: 0 | BL168: 0 | BM168: 0 | BN168: 0 | BO168: 0 | BP168: 0 | BQ168: 0 | BR168: 0 | BS168: 0 | BT168: 0 | BU168: 1
A169: 0804 | B169: 0 | C169: 0 | D169: 0 | E169: 0 | F169: 0 | G169: 0 | H169: 0 | I169: 0 | J169: 0 | K169: 0 | L169: 0 | M169: 0 | N169: 0 | O169: 0 | P169: 0 | Q169: 0 | R169: 0 | S169: 0 | T169: 0 | U169: 10 | V169: 0 | W169: 4 | AY169: 0804 | AZ169: 0 | BA169: 0 | BB169: 0 | BC169: 0 | BD169: 0 | BE169: 0 | BF169: 0 | BG169: 0 | BH169: 0 | BI169: 0 | BJ169: 0 | BK169: 0 | BL169: 0 | BM169: 0 | BN169: 0 | BO169: 0 | BP169: 0 | BQ169: 0 | BR169: 0 | BS169: 0 | BT169: 0 | BU169: 1
A170: 0805 | B170: 0 | C170: 0 | D170: 0 | E170: 0 | F170: 0 | G170: 0 | H170: 0 | I170: 0 | J170: 0 | K170: 0 | L170: 0 | M170: 0 | N170: 0 | O170: 0 | P170: 0 | Q170: 0 | R170: 0 | S170: 0 | T170: 0 | U170: 36 | V170: 0 | W170: 15 | AY170: 0805 | AZ170: 0 | BA170: 0 | BB170: 0 | BC170: 0 | BD170: 0 | BE170: 0 | BF170: 0 | BG170: 0 | BH170: 0 | BI170: 0 | BJ170: 0 | BK170: 0 | BL170: 0 | BM170: 0 | BN170: 0 | BO170: 0 | BP170: 0 | BQ170: 0 | BR170: 0 | BS170: 0 | BT170: 0 | BU170: 0
A171: 0806 | B171: 0 | C171: 0 | D171: 0 | E171: 0 | F171: 0 | G171: 0 | H171: 0 | I171: 0 | J171: 0 | K171: 0 | L171: 0 | M171: 0 | N171: 0 | O171: 0 | P171: 0 | Q171: 0 | R171: 0 | S171: 1 | T171: 0 | U171: 64 | V171: 2 | W171: 11 | AY171: 0806 | AZ171: 0 | BA171: 0 | BB171: 0 | BC171: 0 | BD171: 0 | BE171: 0 | BF171: 0 | BG171: 0 | BH171: 0 | BI171: 0 | BJ171: 0 | BK171: 0 | BL171: 0 | BM171: 0 | BN171: 0 | BO171: 0 | BP171: 0 | BQ171: 0 | BR171: 0 | BS171: 0 | BT171: 0 | BU171: 0
A172: 0807 | B172: 0 | C172: 0 | D172: 0 | E172: 0 | F172: 0 | G172: 0 | H172: 0 | I172: 0 | J172: 0 | K172: 0 | L172: 0 | M172: 0 | N172: 0 | O172: 0 | P172: 0 | Q172: 0 | R172: 0 | S172: 0 | T172: 0 | U172: 44.5 | V172: 3 | W172: 5 | AY172: 0807 | AZ172: 0 | BA172: 0 | BB172: 0 | BC172: 0 | BD172: 0 | BE172: 0 | BF172: 0 | BG172: 0 | BH172: 0 | BI172: 0 | BJ172: 0 | BK172: 0 | BL172: 0 | BM172: 0 | BN172: 0 | BO172: 0 | BP172: 0 | BQ172: 0 | BR172: 0 | BS172: 1 | BT172: 0 | BU172: 0
A173: 0808 | B173: 0 | C173: 0 | D173: 0 | E173: 0 | F173: 0 | G173: 0 | H173: 0 | I173: 0 | J173: 0 | K173: 0 | L173: 0 | M173: 0 | N173: 0 | O173: 0 | P173: 0 | Q173: 0 | R173: 0 | S173: 4 | T173: 0 | U173: 59 | V173: 4 | W173: 1 | AY173: 0808 | AZ173: 0 | BA173: 0 | BB173: 0 | BC173: 0 | BD173: 0 | BE173: 0 | BF173: 0 | BG173: 0 | BH173: 0 | BI173: 0 | BJ173: 0 | BK173: 0 | BL173: 0 | BM173: 0 | BN173: 0 | BO173: 0 | BP173: 0 | BQ173: 0 | BR173: 0 | BS173: 2 | BT173: 0 | BU173: 0
A174: 0809 | B174: 0 | C174: 0 | D174: 0 | E174: 0 | F174: 0 | G174: 0 | H174: 0 | I174: 0 | J174: 0 | K174: 0 | L174: 0 | M174: 0 | N174: 0 | O174: 0 | P174: 0 | Q174: 0 | R174: 0 | S174: 4 | T174: 6 | U174: 48.5 | V174: 4 | W174: 4 | AY174: 0809 | AZ174: 0 | BA174: 0 | BB174: 0 | BC174: 0 | BD174: 0 | BE174: 0 | BF174: 0 | BG174: 0 | BH174: 0 | BI174: 0 | BJ174: 0 | BK174: 0 | BL174: 0 | BM174: 0 | BN174: 0 | BO174: 0 | BP174: 0 | BQ174: 0 | BR174: 0 | BS174: 0 | BT174: 0 | BU174: 0
A175: 0810 | B175: 0 | C175: 0 | D175: 0 | E175: 0 | F175: 0 | G175: 0 | H175: 0 | I175: 0 | J175: 0 | K175: 0 | L175: 0 | M175: 0 | N175: 0 | O175: 0 | P175: 0 | Q175: 0 | R175: 0 | S175: 9 | T175: 3 | U175: 83 | V175: 9 | W175: 1 | AY175: 0810 | AZ175: 0 | BA175: 0 | BB175: 0 | BC175: 0 | BD175: 0 | BE175: 0 | BF175: 0 | BG175: 0 | BH175: 0 | BI175: 0 | BJ175: 0 | BK175: 0 | BL175: 0 | BM175: 0 | BN175: 0 | BO175: 0 | BP175: 0 | BQ175: 0 | BR175: 0 | BS175: 0 | BT175: 1 | BU175: 0
... A288: Grand Total | B288: 6788 | C288: 67897 | D288: 43470 | E288: 88617 | F288: 103230 | G288: 69111 | H288: 79829.25 | I288: 37090 | J288: 59640 | K288: 11507 | L288: 44479 | M288: 41878 | N288: 64595 | O288: 21610 | P288: 47540 | Q288: 26676 | R288: 51890.157 | S288: 35009.727 | T288: 13438.48 | U288: 23717.5 | V288: 21175 | W288: 6723 | AY288: Grand Total | AZ288: 3457 | BA288: 6227 | BB288: 8880 | BC288: 7296 | BD288: 4887 | BE288: 9300 | BF288: 4556.75 | BG288: 6417 | BH288: 2116 | BI288: 6403 | BJ288: 4168 | BK288: 2717 | BL288: 1815 | BM288: 3893 | BN288: 2449 | BO288: 2838 | BP288: 3784.7239 | BQ288: 2706.7727 | BR288: 2747.74 | BS288: 3718 | BT288: 6175 | BU288: 1134

Sheet CO Releases
A2: Project Name | B2: Production Area | C2: Stock Id | D2: Stock Name | E2: Species | F2: Run | G2: Brood Year | H2: Release Year | I2: Mark | J2: Tagged Clip | K2: Untagged Clip | L2: Stage | M2: Rel Site Id | N2: Rel Site Name | O2: Rel Start Date | P2: Rel End Date | Q2: Rel Weight(g) | R2: Marked | S2: Incomplete | T2: Unmarked | U2: Total | V2: Comment
A3: Robertson Cr | B3: SWVI | C3: 104 | D3: Robertson Cr | E3: Coho | F3: Fall | G3: 2001 | H3: 2003 | I3: 184023 | J3: No External Marks | K3: No External Marks | L3: Smolts | M3: 104 | N3: Robertson Cr | O3: 2003/05/14 | P3: 2003/05/18 | Q3: 19.54 | R3: 10129 | S3: 0 | T3: 0 | U3: 10129 | V3: DI; CWTONLY. SEE ALSO 184019, 22, 24. COMPARE TO 184017, 18, 20, 21 (ADCWT).
A4: Robertson Cr | B4: SWVI | C4: 104 | D4: Robertson Cr | E4: Coho | F4: Fall | G4: 2001 | H4: 2003 | I4: 184021 | J4: Adipose | K4: Adipose | L4: Smolts | M4: 104 | N4: Robertson Cr | O4: 2003/05/14 | P4: 2003/05/18 | Q4: 19.54 | R4: 10090 | S4: 0 | T4: 189828 | U4: 199918 | V4: DI; ADCWT. SEE ALSO 184017, 18, 20. COMPARE TO 184019, 22, 23, 24 (CWTONLY).
A5: Robertson Cr | B5: SWVI | C5: 104 | D5: Robertson Cr | E5: Coho | F5: Fall | G5: 2001 | H5: 2003 | I5: 184022 | J5: No External Marks | K5: No External Marks | L5: Smolts | M5: 104 | N5: Robertson Cr | O5: 2003/05/14 | P5: 2003/05/18 | Q5: 18.82 | R5: 10239 | S5: 0 | T5: 0 | U5: 10239 | V5: DI; CWTONLY. SEE ALSO 184019, 23, 24. COMPARE TO 184017, 18, 20, 21 (ADCWT).
A6: Robertson Cr | B6: SWVI | C6: 104 | D6: Robertson Cr | E6: Coho | F6: Fall | G6: 2001 | H6: 2003 | I6: 184019 | J6: No External Marks | K6: No External Marks | L6: Smolts | M6: 104 | N6: Robertson Cr | O6: 2003/05/14 | P6: 2003/05/18 | Q6: 19.25 | R6: 10119 | S6: 0 | T6: 0 | U6: 10119 | V6: DI; CWTONLY. SEE ALSO 184022, 23, 24. COMPARE TO 184017, 18, 20, 21 (ADCWT).
A7: Robertson Cr | B7: SWVI | C7: 104 | D7: Robertson Cr | E7: Coho | F7: Fall | G7: 2001 | H7: 2003 | I7: 184018 | J7: Adipose | K7: Adipose | L7: Smolts | M7: 104 | N7: Robertson Cr | O7: 2003/05/14 | P7: 2003/05/18 | Q7: 19.11 | R7: 10178 | S7: 0 | T7: 211927 | U7: 222105 | V7: DI; ADCWT. SEE ALSO 184017, 20, 21. COMPARE TO 184019, 22, 23, 24 (CWTONLY).
A8: Robertson Cr | B8: SWVI | C8: 104 | D8: Robertson Cr | E8: Coho | F8: Fall | G8: 2001 | H8: 2003 | I8: 184020 | J8: Adipose | K8: Adipose | L8: Smolts | M8: 104 | N8: Robertson Cr | O8: 2003/05/14 | P8: 2003/05/18 | Q8: 18.82 | R8: 9897 | S8: 100 | T8: 221462 | U8: 231459 | V8: DI; ADCWT. SEE ALSO 184017, 18, 21. COMPARE TO 184019, 22, 23, 24 (CWTONLY).
A9: Robertson Cr | B9: SWVI | C9: 104 | D9: Robertson Cr | E9: Coho | F9: Fall | G9: 2001 | H9: 2003 | I9: 184024 | J9: No External Marks | K9: No External Marks | L9: Smolts | M9: 104 | N9: Robertson Cr | O9: 2003/05/14 | P9: 2003/05/18 | Q9: 19.51 | R9: 9994 | S9: 0 | T9: 0 | U9: 9994 | V9: DI; CWTONLY. SEE ALSO 184019, 22, 23. COMPARE TO 184017, 18, 20, 21 (ADCWT).
A10: Robertson Cr | B10: SWVI | C10: 104 | D10: Robertson Cr | E10: Coho | F10: Fall | G10: 2001 | H10: 2003 | I10: 184017 | J10: Adipose | K10: Adipose | L10: Smolts | M10: 104 | N10: Robertson Cr | O10: 2003/05/14 | P10: 2003/05/18 | Q10: 19.51 | R10: 10081 | S10: 0 | T10: 144571 | U10: 154652 | V10: DI; ADCWT. SEE ALSO 184018, 20, 21. COMPARE TO 184019, 22, 23, 24 (CWTONLY).
A12: Project Name | B12: Production Area | C12: Stock Id | D12: Stock Name | E12: Species | F12: Run | G12: Brood Year | H12: Release Year | I12: Mark | J12: Tagged Clip | K12: Untagged Clip | L12: Stage | M12: Rel Site Id | N12: Rel Site Name | O12: Rel Start Date | P12: Rel End Date | Q12: Rel Weight(g) | R12: Marked | S12: Incomplete | T12: Unmarked | U12: Total | V12: Comment
A13: Robertson Cr | B13: SWVI | C13: 104 | D13: Robertson Cr | E13: Coho | F13: Fall | G13: 2000 | H13: 2002 | I13: 184246 | J13: No External Marks | K13: No External Marks | L13: Smolts | M13: 104 | N13: Robertson Cr | O13: 2002/05/17 | P13: 2002/05/21 | Q13: 21.95 | R13: 10385 | S13: 0 | T13: 0 | U13: 10385 | V13: D.I., CWTONLY; SEE ALSO 184244-45 & 47 (CWTONLY) & 184005-08 (ADCWT).
A14: Robertson Cr | B14: SWVI | C14: 104 | D14: Robertson Cr | E14: Coho | F14: Fall | G14: 2000 | H14: 2002 | I14: 184245 | J14: No External Marks | K14: No External Marks | L14: Smolts | M14: 104 | N14: Robertson Cr | O14: 2002/05/17 | P14: 2002/05/21 | Q14: 21.52 | R14: 10037 | S14: 0 | T14: 0 | U14: 10037 | V14: D.I., CWTONLY; SEE ALSO 184244 & 46-47 (CWTONLY) & 184005-08 (ADCWT).
A15: Robertson Cr | B15: SWVI | C15: 104 | D15: Robertson Cr | E15: Coho | F15: Fall | G15: 2000 | H15: 2002 | I15: 184244 | J15: No External Marks | K15: No External Marks | L15: Smolts | M15: 104 | N15: Robertson Cr | O15: 2002/05/17 | P15: 2002/05/21 | Q15: 21.78 | R15: 10214 | S15: 0 | T15: 0 | U15: 10214 | V15: D.I., CWTONLY; SEE ALSO 184245-47 (CWTONLY) & 184005-08 (ADCWT).
A16: Robertson Cr | B16: SWVI | C16: 104 | D16: Robertson Cr | E16: Coho | F16: Fall | G16: 2000 | H16: 2002 | I16: 184247 | J16: No External Marks | K16: No External Marks | L16: Smolts | M16: 104 | N16: Robertson Cr | O16: 2002/05/17 | P16: 2002/05/21 | Q16: 21.11 | R16: 10198 | S16: 0 | T16: 0 | U16: 10198 | V16: D.I., CWTONLY; SEE ALSO 184005-08 (ADCWT) AND 184244-46 (CWT ONLY).
A17: Robertson Cr | B17: SWVI | C17: 104 | D17: Robertson Cr | E17: Coho | F17: Fall | G17: 2000 | H17: 2002 | I17: 184008 | J17: Adipose | K17: Adipose | L17: Smolts | M17: 104 | N17: Robertson Cr | O17: 2002/05/17 | P17: 2002/05/21 | Q17: 21.11 | R17: 10187 | S17: 0 | T17: 149150 | U17: 159337 | V17: D.I., ADCWT; SEE 184005-07 (ADCWT) & 184244-47 (CWTONLY). UNMARKED= AD CLIPS.
A18: Robertson Cr | B18: SWVI | C18: 104 | D18: Robertson Cr | E18: Coho | F18: Fall | G18: 2000 | H18: 2002 | I18: 184007 | J18: Adipose | K18: Adipose | L18: Smolts | M18: 104 | N18: Robertson Cr | O18: 2002/05/17 | P18: 2002/05/21 | Q18: 21.95 | R18: 10093 | S18: 0 | T18: 175835 | U18: 185928 | V18: D.I., ADCWT; SEE 184005-06 & 08 (ADCWT) & 184244-47 (CWTONLY). UNMARK=AD CLIPS
A19: Robertson Cr | B19: SWVI | C19: 104 | D19: Robertson Cr | E19: Coho | F19: Fall | G19: 2000 | H19: 2002 | I19: 184006 | J19: Adipose | K19: Adipose | L19: Smolts | M19: 104 | N19: Robertson Cr | O19: 2002/05/17 | P19: 2002/05/21 | Q19: 21.52 | R19: 9986 | S19: 0 | T19: 293065 | U19: 303051 | V19: D.I., ADCWT; SEE 184005, 07-08 (ADCWT) & 184244-47 (CWTONLY). UNMARK= AD CLIPS
A20: Robertson Cr | B20: SWVI | C20: 104 | D20: Robertson Cr | E20: Coho | F20: Fall | G20: 2000 | H20: 2002 | I20: 184005 | J20: Adipose | K20: Adipose | L20: Smolts | M20: 104 | N20: Robertson Cr | O20: 2002/05/17 | P20: 2002/05/21 | Q20: 21.78 | R20: 10051 | S20: 0 | T20: 222712 | U20: 232763 | V20: D.I., ADCWT; SEE 184006-08 (ADCWT) & 184244-47 (CWTONLY). UNMARKED= AD CLIPS.
A22: Project Name | B22: Production Area | C22: Stock Id | D22: Stock Name | E22: Species | F22: Run | G22: Brood Year | H22: Release Year | I22: Mark | J22: Tagged Clip | K22: Untagged Clip | L22: Stage | M22: Rel Site Id | N22: Rel Site Name | O22: Rel Start Date | P22: Rel End Date | Q22: Rel Weight(g) | R22: Marked | S22: Incomplete | T22: Unmarked | U22: Total | V22: Comment
A23: Robertson Cr | B23: SWVI | C23: 104 | D23: Robertson Cr | E23: Coho | F23: Fall | G23: 1999 | H23: 2001 | I23: 183702 | J23: No External Marks | K23: No External Marks | L23: Smolts | M23: 104 | N23: Robertson Cr | O23: 2001/05/14 | P23: 2001/05/17 | Q23: 19.23 | R23: 9804 | S23: 99 | T23: 0 | U23: 9903 | V23: DOUBLE INDEX CWT ONLY. ALSO 183662/63, 183701. COMPARE TO ADCWT 183642-45.
A24: Robertson Cr | B24: SWVI | C24: 104 | D24: Robertson Cr | E24: Coho | F24: Fall | G24: 1999 | H24: 2001 | I24: 183701 | J24: No External Marks | K24: No External Marks | L24: Smolts | M24: 104 | N24: Robertson Cr | O24: 2001/05/14 | P24: 2001/05/17 | Q24: 19.44 | R24: 9817 | S24: 99 | T24: 0 | U24: 9916 | V24: DOUBLE INDEX CWT ONLY. ALSO 183662/63, 183702. COMPARE TO ADCWT 183642-45.
A25: Robertson Cr | B25: SWVI | C25: 104 | D25: Robertson Cr | E25: Coho | F25: Fall | G25: 1999 | H25: 2001 | I25: 183663 | J25: No External Marks | K25: No External Marks | L25: Smolts | M25: 104 | N25: Robertson Cr | O25: 2001/05/14 | P25: 2001/05/17 | Q25: 19.57 | R25: 9937 | S25: 100 | T25: 0 | U25: 10037 | V25: DOUBLE INDEX CWT ONLY. ALSO 183662, 183701/02. COMPARE TO ADCWT 183642-45.
A26: Robertson Cr | B26: SWVI | C26: 104 | D26: Robertson Cr | E26: Coho | F26: Fall | G26: 1999 | H26: 2001 | I26: 183662 | J26: No External Marks | K26: No External Marks | L26: Smolts | M26: 104 | N26: Robertson Cr | O26: 2001/05/14 | P26: 2001/05/17 | Q26: 19.97 | R26: 9910 | S26: 100 | T26: 0 | U26: 10010 | V26: DOUBLE INDEX CWT ONLY. ALSO 183663, 183701/02. COMPARE TO ADCWT 183642-45.
A27: Robertson Cr | B27: SWVI | C27: 104 | D27: Robertson Cr | E27: Coho | F27: Fall | G27: 1999 | H27: 2001 | I27: 183645 | J27: Adipose | K27: Adipose | L27: Smolts | M27: 104 | N27: Robertson Cr | O27: 2001/05/14 | P27: 2001/05/17 | Q27: 19.23 | R27: 9840 | S27: 0 | T27: 223061 | U27: 232901 | V27: DOUBLE INDEX ADCWT. ALSO 183642-44. COMPARE TO CWT ONLY 183662/63, 183701/02.
A28: Robertson Cr | B28: SWVI | C28: 104 | D28: Robertson Cr | E28: Coho | F28: Fall | G28: 1999 | H28: 2001 | I28: 183644 | J28: Adipose | K28: Adipose | L28: Smolts | M28: 104 | N28: Robertson Cr | O28: 2001/05/14 | P28: 2001/05/17 | Q28: 19.44 | R28: 9917 | S28: 0 | T28: 223061 | U28: 232978 | V28: DOUBLE INDEX ADCWT. ALSO 183642/43/45. COMPARE CWT ONLY 183662/63, 183701-02.
A29: Robertson Cr | B29: SWVI | C29: 104 | D29: Robertson Cr | E29: Coho | F29: Fall | G29: 1999 | H29: 2001 | I29: 183643 | J29: Adipose | K29: Adipose | L29: Smolts | M29: 104 | N29: Robertson Cr | O29: 2001/05/14 | P29: 2001/05/17 | Q29: 19.57 | R29: 10167 | S29: 0 | T29: 223062 | U29: 233229 | V29: DOUBLE INDEX ADCWT. ALSO 183642/44/45.COMPARE TO CWT ONLY 183662/63, 183701/02
A30: Robertson Cr | B30: SWVI | C30: 104 | D30: Robertson Cr | E30: Coho | F30: Fall | G30: 1999 | H30: 2001 | I30: 183642 | J30: Adipose | K30: Adipose | L30: Smolts | M30: 104 | N30: Robertson Cr | O30: 2001/05/14 | P30: 2001/05/17 | Q30: 19.97 | R30: 10144 | S30: 0 | T30: 223062 | U30: 233206 | V30: DOUBLE INDEX ADCWT. ALSO 183643-45. COMPARE TO CWT ONLY 183662/63, 183701/02.
A33: Project Name | B33: Production Area | C33: Stock Id | D33: Stock Name | E33: Species | F33: Run | G33: Brood Year | H33: Release Year | I33: Mark | J33: Tagged Clip | K33: Untagged Clip | L33: Stage | M33: Rel Site Id | N33: Rel Site Name | O33: Rel Start Date | P33: Rel End Date | Q33: Rel Weight(g) | R33: Marked | S33: Incomplete | T33: Unmarked | U33: Total | V33: Comment
A34: Robertson Cr | B34: SWVI | C34: 104 | D34: Robertson Cr | E34: Coho | F34: Fall | G34: 1998 | H34: 2000 | I34: 184328 | J34: No External Marks | K34: No External Marks | L34: Smolts | M34: 104 | N34: Robertson Cr | O34: 2000/05/11 | P34: 2000/05/13 | Q34: 21.92 | R34: 15135 | S34: 0 | T34: 0 | U34: 15135 | V34: DOUBLE-INDEX UNCLIPPED. COMPARE TO 184327. SEE ALSO 183640/41 AND 184325/26.
A35: Robertson Cr | B35: SWVI | C35: 104 | D35: Robertson Cr | E35: Coho | F35: Fall | G35: 1998 | H35: 2000 | I35: 184327 | J35: Adipose | K35: Adipose | L35: Smolts | M35: 104 | N35: Robertson Cr | O35: 2000/05/11 | P35: 2000/05/13 | Q35: 21.92 | R35: 15014 | S35: 0 | T35: 370778 | U35: 385792 | V35: DOUBLE-INDEX CLIPPED. COMPARE TO 184328. SEE ALSO 183640/41 AND 184325/26.
A36: Robertson Cr | B36: SWVI | C36: 104 | D36: Robertson Cr | E36: Coho | F36: Fall | G36: 1998 | H36: 2000 | I36: 184326 | J36: No External Marks | K36: No External Marks | L36: Smolts | M36: 104 | N36: Robertson Cr | O36: 2000/05/11 | P36: 2000/05/13 | Q36: 21.68 | R36: 14987 | S36: 0 | T36: 0 | U36: 14987 | V36: DOUBLE-INDEX UNCLIPPED. COMPARE TO 184325. SEE ALSO 183640/41 AND 184327/28.
A37: Robertson Cr | B37: SWVI | C37: 104 | D37: Robertson Cr | E37: Coho | F37: Fall | G37: 1998 | H37: 2000 | I37: 184325 | J37: Adipose | K37: Adipose | L37: Smolts | M37: 104 | N37: Robertson Cr | O37: 2000/05/11 | P37: 2000/05/13 | Q37: 21.68 | R37: 15108 | S37: 0 | T37: 375016 | U37: 390124 | V37: DOUBLE-INDEX CLIPPED. COMPARE TO 184326. SEE ALSO 183640/41 AND 184327/28.
A38: Robertson Cr | B38: SWVI | C38: 104 | D38: Robertson Cr | E38: Coho | F38: Fall | G38: 1998 | H38: 2000 | I38: 183641 | J38: No External Marks | K38: No External Marks | L38: Smolts | M38: 104 | N38: Robertson Cr | O38: 2000/05/11 | P38: 2000/05/13 | Q38: 21.23 | R38: 10165 | S38: 0 | T38: 0 | U38: 10165 | V38: DOUBLE INDEX UNCLIPPED. COMPARE TO 183640. SEE ALSO 184325/26, 184327/28.
A39: Robertson Cr | B39: SWVI | C39: 104 | D39: Robertson Cr | E39: Coho | F39: Fall | G39: 1998 | H39: 2000 | I39: 183640 | J39: Adipose | K39: Adipose | L39: Smolts | M39: 104 | N39: Robertson Cr | O39: 2000/05/11 | P39: 2000/05/13 | Q39: 21.23 | R39: 10085 | S39: 0 | T39: 156420 | U39: 166505 | V39: DOUBLE INDEX; ADCWT. SEE ALSO 184325/27 (ADCWT) & 184326/28 & 183641 (CWTONLY)
A42: Project Name | B42: Production Area | C42: Stock Id | D42: Stock Name | E42: Species | F42: Run | G42: Brood Year | H42: Release Year | I42: Mark | J42: Tagged Clip | K42: Untagged Clip | L42: Stage | M42: Rel Site Id | N42: Rel Site Name | O42: Rel Start Date | P42: Rel End Date | Q42: Rel Weight(g) | R42: Marked | S42: Incomplete | T42: Unmarked | U42: Total | V42: Comment
A43: Robertson Cr | B43: SWVI | C43: 104 | D43: Robertson Cr | E43: Coho | F43: Fall | G43: 1997 | H43: 1999 | I43: 183922 | J43: No External Marks | K43: No External Marks | L43: Smolts | M43: 104 | N43: Robertson Cr | O43: 1999/05/15 | P43: 1999/05/17 | Q43: 20.7 | R43: 10109 | S43: 0 | T43: 0 | U43: 10109 | V43: DOUBLE INDEX GROUP-NO AD CLIP. SEE 183919-21
A44: Robertson Cr | B44: SWVI | C44: 104 | D44: Robertson Cr | E44: Coho | F44: Fall | G44: 1997 | H44: 1999 | I44: 183921 | J44: No External Marks | K44: No External Marks | L44: Smolts | M44: 104 | N44: Robertson Cr | O44: 1999/05/15 | P44: 1999/05/17 | Q44: 20.7 | R44: 10189 | S44: 0 | T44: 0 | U44: 10189 | V44: DOUBLE INDEX GROUP-NO AD CLIP. SEE 181720-23, 183919-22
A45: Robertson Cr | B45: SWVI | C45: 104 | D45: Robertson Cr | E45: Coho | F45: Fall | G45: 1997 | H45: 1999 | I45: 183920 | J45: No External Marks | K45: No External Marks | L45: Smolts | M45: 104 | N45: Robertson Cr | O45: 1999/05/15 | P45: 1999/05/17 | Q45: 20.7 | R45: 10197 | S45: 0 | T45: 0 | U45: 10197 | V45: DOUBLE INDEX GROUP-NO AD CLIP. SEE 183919-22
A46: Robertson Cr | B46: SWVI | C46: 104 | D46: Robertson Cr | E46: Coho | F46: Fall | G46: 1997 | H46: 1999 | I46: 183919 | J46: No External Marks | K46: No External Marks | L46: Smolts | M46: 104 | N46: Robertson Cr | O46: 1999/05/15 | P46: 1999/05/17 | Q46: 20.7 | R46: 10173 | S46: 0 | T46: 0 | U46: 10173 | V46: DOUBLE INDEX GROUP-NO AD CLIP. SEE 181720-23, 183920-22
A47: Robertson Cr | B47: SWVI | C47: 104 | D47: Robertson Cr | E47: Coho | F47: Fall | G47: 1997 | H47: 1999 | I47: 181723 | J47: Adipose | K47: Adipose | L47: Smolts | M47: 104 | N47: Robertson Cr | O47: 1999/05/15 | P47: 1999/05/17 | Q47: 20.7 | R47: 10106 | S47: 0 | T47: 190024 | U47: 200130 | V47: DOUBLE INDEX GROUP-AD CLIPPED. SEE 181720-22, 183919-22
A48: Robertson Cr | B48: SWVI | C48: 104 | D48: Robertson Cr | E48: Coho | F48: Fall | G48: 1997 | H48: 1999 | I48: 181722 | J48: Adipose | K48: Adipose | L48: Smolts | M48: 104 | N48: Robertson Cr | O48: 1999/05/15 | P48: 1999/05/17 | Q48: 20.7 | R48: 10193 | S48: 0 | T48: 191660 | U48: 201853 | V48: DOUBLE INDEX GROUP-AD CLIPPED. SEE 181720-23, 183919-22
A49: Robertson Cr | B49: SWVI | C49: 104 | D49: Robertson Cr | E49: Coho | F49: Fall | G49: 1997 | H49: 1999 | I49: 181721 | J49: Adipose | K49: Adipose | L49: Smolts | M49: 104 | N49: Robertson Cr | O49: 1999/05/15 | P49: 1999/05/17 | Q49: 20.7 | R49: 10098 | S49: 0 | T49: 189873 | U49: 199971 | V49: DOUBLE INDEX GROUP-AD CLIPPED. SEE 181721-23, 183919-22
A50: Robertson Cr | B50: SWVI | C50: 104 | D50: Robertson Cr | E50: Coho | F50: Fall | G50: 1997 | H50: 1999 | I50: 181720 | J50: Adipose | K50: Adipose | L50: Smolts | M50: 104 | N50: Robertson Cr | O50: 1999/05/15 | P50: 1999/05/17 | Q50: 22 | R50: 10102 | S50: 0 | T50: 189948 | U50: 200050 | V50: DOUBLE INDEX GROUP-AD CLIPPED. SEE 181721-23,183919-22
A53: Project Name | B53: Production Area | C53: Stock Id | D53: Stock Name | E53: Species | F53: Run | G53: Brood Year | H53: Release Year | I53: Mark | J53: Tagged Clip | K53: Untagged Clip | L53: Stage | M53: Rel Site Id | N53: Rel Site Name | O53: Rel Start Date | P53: Rel End Date | Q53: Rel Weight(g) | R53: Marked | S53: Incomplete | T53: Unmarked | U53: Total | V53: Comment
A54: Robertson Cr | B54: SWVI | C54: 104 | D54: Robertson Cr | E54: Coho | F54: Fall | G54: 2002 | H54: 2004 | I54: 184148 | J54: No External Marks | K54: No External Marks | L54: Smolts | M54: 104 | N54: Robertson Cr | O54: 2004/05/12 | P54: 2004/05/14 | Q54: 19.44 | R54: 10369 | S54: 21 | T54: 0 | U54: 10390 | V54: DI: CWTONLY. SEE ALSO 184145-47 (CWTONLY) & 183404-05 (ADCWT).
A55: Robertson Cr | B55: SWVI | C55: 104 | D55: Robertson Cr | E55: Coho | F55: Fall | G55: 2002 | H55: 2004 | I55: 184147 | J55: No External Marks | K55: No External Marks | L55: Smolts | M55: 104 | N55: Robertson Cr | O55: 2004/05/12 | P55: 2004/05/14 | Q55: 19.44 | R55: 9659 | S55: 19 | T55: 0 | U55: 9678 | V55: DI: CWTONLY. SEE ALSO 184145-48 (CWTONLY) & 183404-05 (ADCWT).
A56: Robertson Cr | B56: SWVI | C56: 104 | D56: Robertson Cr | E56: Coho | F56: Fall | G56: 2002 | H56: 2004 | I56: 184146 | J56: No External Marks | K56: No External Marks | L56: Smolts | M56: 104 | N56: Robertson Cr | O56: 2004/05/12 | P56: 2004/05/14 | Q56: 19.44 | R56: 10085 | S56: 20 | T56: 0 | U56: 10105 | V56: DI: CWTONLY. SEE ALSO 184145-48 (CWTONLY) & 183404-05 (ADCWT).
A57: Robertson Cr | B57: SWVI | C57: 104 | D57: Robertson Cr | E57: Coho | F57: Fall | G57: 2002 | H57: 2004 | I57: 184145 | J57: No External Marks | K57: No External Marks | L57: Smolts | M57: 104 | N57: Robertson Cr | O57: 2004/05/12 | P57: 2004/05/14 | Q57: 19.44 | R57: 9983 | S57: 20 | T57: 0 | U57: 10003 | V57: DI: CWTONLY. SEE ALSO 184146-48 (CWTONLY) & 183404-05 (ADCWT).
A58: Robertson Cr | B58: SWVI | C58: 104 | D58: Robertson Cr | E58: Coho | F58: Fall | G58: 2002 | H58: 2004 | I58: 183405 | J58: Adipose | K58: Adipose | L58: Smolts | M58: 104 | N58: Robertson Cr | O58: 2004/05/12 | P58: 2004/05/14 | Q58: 21.03 | R58: 19919 | S58: 42 | T58: 301401 | U58: 321362 | V58: DI: ADCWT. SEE 183404 (ADCWT) & 184145-48 (CWTONLY). UNMARKED ARE AD CLIPPED.
A59: Robertson Cr | B59: SWVI | C59: 104 | D59: Robertson Cr | E59: Coho | F59: Fall | G59: 2002 | H59: 2004 | I59: 183404 | J59: Adipose | K59: Adipose | L59: Smolts | M59: 104 | N59: Robertson Cr | O59: 2004/05/12 | P59: 2004/05/14 | Q59: 21.03 | R59: 19959 | S59: 42 | T59: 302004 | U59: 322005 | V59: DI: ADCWT. SEE 183405 (ADCWT) & 184145-48 (CWTONLY). UNMARKED ARE AD CLIPPED.
A62: Project Name | B62: Production Area | C62: Stock Id | D62: Stock Name | E62: Species | F62: Run | G62: Brood Year | H62: Release Year | I62: Mark | J62: Tagged Clip | K62: Untagged Clip | L62: Stage | M62: Rel Site Id | N62: Rel Site Name | O62: Rel Start Date | P62: Rel End Date | Q62: Rel Weight(g) | R62: Marked | S62: Incomplete | T62: Unmarked | U62: Total | V62: Comment
A63: Robertson Cr | B63: SWVI | C63: 104 | D63: Robertson Cr | E63: Coho | F63: Fall | G63: 2003 | H63: 2005 | I63: NOCO03264 | J63: No External Marks | K63: No External Marks | L63: Smolts | M63: 104 | N63: Robertson Cr | O63: 2005/05/06 | P63: 2005/05/10 | Q63: 20.59 | R63: 0 | S63: 0 | T63: 190962 | U63: 190962 | V63: UNMARKED GROUP RELEASED WITH 184025-28.
A64: Robertson Cr | B64: SWVI | C64: 104 | D64: Robertson Cr | E64: Coho | F64: Fall | G64: 2003 | H64: 2005 | I64: 184028 | J64: Adipose | K64: Adipose | L64: Smolts | M64: 104 | N64: Robertson Cr | O64: 2005/05/06 | P64: 2005/05/10 | Q64: 19.96 | R64: 10069 | S64: 0 | T64: 198956 | U64: 209025 | V64: NO LONGER DI. ADCWT. SEE ALSO 184025-27. UNMARKED= AD CLIPS.
A65: Robertson Cr | B65: SWVI | C65: 104 | D65: Robertson Cr | E65: Coho | F65: Fall | G65: 2003 | H65: 2005 | I65: 184027 | J65: Adipose | K65: Adipose | L65: Smolts | M65: 104 | N65: Robertson Cr | O65: 2005/05/06 | P65: 2005/05/10 | Q65: 19.96 | R65: 10215 | S65: 0 | T65: 201841 | U65: 212056 | V65: NO LONGER DI. ADCWT. SEE ALSO 184025-26 & 184028. UNMARKED= AD CLIPS.
A66: Robertson Cr | B66: SWVI | C66: 104 | D66: Robertson Cr | E66: Coho | F66: Fall | G66: 2003 | H66: 2005 | I66: 184026 | J66: Adipose | K66: Adipose | L66: Smolts | M66: 104 | N66: Robertson Cr | O66: 2005/05/06 | P66: 2005/05/10 | Q66: 20.59 | R66: 9964 | S66: 0 | T66: 95658 | U66: 105622 | V66: NO LONGER DI. ADCWT. SEE ALSO 184025 & 184027-28. UNMARKED= AD CLIPS.
A67: Robertson Cr | B67: SWVI | C67: 104 | D67: Robertson Cr | E67: Coho | F67: Fall | G67: 2003 | H67: 2005 | I67: 184025 | J67: Adipose | K67: Adipose | L67: Smolts | M67: 104 | N67: Robertson Cr | O67: 2005/05/06 | P67: 2005/05/10 | Q67: 20.59 | R67: 10823 | S67: 0 | T67: 103904 | U67: 114727 | V67: NO LONGER DI. ADCWT. SEE ALSO 184026-28. UNMARKED= AD CLIPS.
A70: Project Name | B70: Production Area | C70: Stock Id | D70: Stock Name | E70: Species | F70: Run | G70: Brood Year | H70: Release Year | I70: Mark | J70: Tagged Clip | K70: Untagged Clip | L70: Stage | M70: Rel Site Id | N70: Rel Site Name | O70: Rel Start Date | P70: Rel End Date | Q70: Rel Weight(g) | R70: Marked | S70: Incomplete | T70: Unmarked | U70: Total | V70: Comment
A71: Robertson Cr | B71: SWVI | C71: 104 | D71: Robertson Cr | E71: Coho | F71: Fall | G71: 2004 | H71: 2006 | I71: 183025 | J71: Adipose | K71: Adipose | L71: Smolts | M71: 104 | N71: Robertson Cr | O71: 2006/05/12 | P71: 2006/05/12 | Q71: 20.39 | R71: 20015 | S71: 0 | T71: 272200 | U71: 292215 | V71: 6A BOTTOM
A72: Robertson Cr | B72: SWVI | C72: 104 | D72: Robertson Cr | E72: Coho | F72: Fall | G72: 2004 | H72: 2006 | I72: 183024 | J72: Adipose | K72: Adipose | L72: Smolts | M72: 104 | N72: Robertson Cr | O72: 2006/05/12 | P72: 2006/05/12 | Q72: 22.04 | R72: 20226 | S72: 0 | T72: 239378 | U72: 259604 | V72: 6A MID
A75: Project Name | B75: Production Area | C75: Stock Id | D75: Stock Name | E75: Species | F75: Run | G75: Brood Year | H75: Release Year | I75: Mark | J75: Tagged Clip | K75: Untagged Clip | L75: Stage | M75: Rel Site Id | N75: Rel Site Name | O75: Rel Start Date | P75: Rel End Date | Q75: Rel Weight(g) | R75: Marked | S75: Incomplete | T75: Unmarked | U75: Total | V75: Comment
A76: Robertson Cr | B76: SWVI | C76: 104 | D76: Robertson Cr | E76: Coho | F76: Fall | G76: 2005 | H76: 2007 | I76: 184838 | J76: Adipose | K76: Adipose | L76: Smolts | M76: 104 | N76: Robertson Cr | O76: 2007/05/18 | P76: 2007/05/23 | Q76: 16.2 | R76: 15221 | S76: 0 | T76: 319271 | U76: 334492 | V76: SEE TAGCODES 183638 & 184837
A77: Robertson Cr | B77: SWVI | C77: 104 | D77: Robertson Cr | E77: Coho | F77: Fall | G77: 2005 | H77: 2007 | I77: 184837 | J77: Adipose | K77: Adipose | L77: Smolts | M77: 104 | N77: Robertson Cr | O77: 2007/05/18 | P77: 2007/05/23 | Q77: 16.3 | R77: 15168 | S77: 0 | T77: 310366 | U77: 325534 | V77: SEE TAG CODES 183638 & 184838
A78: Robertson Cr | B78: SWVI | C78: 104 | D78: Robertson Cr | E78: Coho | F78: Fall | G78: 2005 | H78: 2007 | I78: 183638 | J78: Adipose | K78: Adipose | L78: Smolts | M78: 104 | N78: Robertson Cr | O78: 2007/05/18 | P78: 2007/05/23 | Q78: 14.3 | R78: 10118 | S78: 0 | T78: 128805 | U78: 138923 | V78: SEE TAG CODES 184837 & 184838
A81: Project Name | B81: Production Area | C81: Stock Id | D81: Stock Name | E81: Species | F81: Run | G81: Brood Year | H81: Release Year | I81: Mark | J81: Tagged Clip | K81: Untagged Clip | L81: Stage | M81: Rel Site Id | N81: Rel Site Name | O81: Rel Start Date | P81: Rel End Date | Q81: Rel Weight(g) | R81: Marked | S81: Incomplete | T81: Unmarked | U81: Total | V81: Comment
A82: Robertson Cr | B82: SWVI | C82: 104 | D82: Robertson Cr | E82: Coho | F82: Fall | G82: 2006 | H82: 2007 | I82: NOCO06107 | J82: No External Marks | K82: No External Marks | L82: Unfed | M82: 104 | N82: Robertson Cr | O82: 2007/04/11 | P82: 2007/04/13 | Q82: 0.4 | R82: 0 | S82: 0 | T82: 548800 | U82: 548800 | V82: WEIGHT = AVG OF 3 RELEASE WEIGHTS

Sheet CO Mark Rate
A1: In-season Coho ad clip rates from Stamp Falls.
D2: Co Adult | G2: Co Jack | M2: Jacks | O2: Adults
A3: Date | B3: Start Time | C3: Stop Time | D3: On/Unclipped | E3: Off/Clipped | F3: % Clipped | G3: On/Unclipped | H3: Off/Clipped | I3: % Clipped | J3: Comments | L3: Brood Year | M3: % Clipped | N3: Effective Hatchery Component | O3: % Clipped | P3: Effective Hatchery Component
E4: 842 k release | F4: 802k clipped | H4: 983 k release | I4: 942k clipped | L4: 1998 | M4: 0.62169312 | N4: =983/942*M4 -> 0.64875195 | O4: 0.70738238 | P4: =983/942*O4 -> 0.73817078
A5: 36784 | B5: 0.41666667 | C5: 0.45833333 | D5: 74 | E5: 325 | F5: =E5/(E5+D5) -> 0.81453634 | G5: 15 | H5: 21 | I5: =H5/(H5+G5) -> 0.58333333 | J5: Tom/Ellen counted 'unclipped' fish | L5: 1999 | M5: 0.51798561 | N5: =972/932*M5 -> 0.54021675 | O5: 0.65944997 | P5: =972/932*O5 -> 0.68775254
A6: 36785 | B6: 0.41666667 | C6: 0.45833333 | D6: 35 | E6: 168 | F6: =E6/(E6+D6) -> 0.82758621 | G6: 13 | H6: 20 | I6: =H6/(H6+G6) -> 0.60606061 | J6: Tom/Ellen counted 'unclipped' fish | L6: 2000 | M6: 0.58809524 | N6: =922/881*M6 -> 0.61546403 | O6: 0.75519194 | P6: =922/881*O6 -> 0.79033709
A7: 36786 | B7: 0.66666667 | C7: 0.70833333 | D7: 22 | E7: 95 | F7: =E7/(E7+D7) -> 0.81196581 | G7: 16 | H7: 10 | I7: =H7/(H7+G7) -> 0.38461538 | J7: Shaunee counted 'clipped' fish | L7: 2001 | M7: 0.48076923 | N7: =849/808*M7 -> 0.5051647 | O7: 0.65076508 | P7: =849/808*O7 -> 0.68378657
A8: 36787 | B8: 0.375 | C8: 0.41666667 | D8: 41 | E8: 85 | F8: =E8/(E8+D8) -> 0.67460317 | G8: 14 | H8: 12 | I8: =H8/(H8+G8) -> 0.46153846 | J8: Sam counted 'clipped' fish and said could have missed a couple. Asked Sam/Shaunee to count the 'unclipped 'fish from now on. | L8: 2002 | M8: 0.56763285 | N8: =684/643*M8 -> 0.60382717 | O8: 0.6426259 | P8: =684/643*O8 -> 0.68360205
A9: 36788 | B9: 0.58333333 | C9: 0.625 | D9: 41 | E9: 254 | F9: =E9/(E9+D9) -> 0.86101695 | G9: 6 | H9: 8 | I9: =H9/(H9+G9) -> 0.57142857 | J9: Counted 'clipped' fish | L9: 2003 | M9: 0.48333333 | N9: =832/641*M9 -> 0.62735309 | O9: 0.56026786 | P9: =832/641*O9 -> 0.72721195
A10: 36789 | B10: 0.45833333 | C10: 0.5 | D10: 93 | E10: 381 | F10: =E10/(E10+D10) -> 0.80379747 | G10: 4 | H10: 26 | I10: =H10/(H10+G10) -> 0.86666667 | J10: Counted 'unclipped' fish. Jack reliability is questionnable- Sam may have missed a 'couple'. | L10: 2004 | M10: 0.65468549 | N10: =552/552*M10 -> 0.65468549 | O10: 0.75855131 | P10: =552/552*O10 -> 0.75855131
A11: 36790 | B11: 0.375 | C11: 0.41666667 | D11: 99 | E11: 417 | F11: =E11/(E11+D11) -> 0.80813953 | G11: 10 | H11: 15 | I11: =H11/(H11+G11) -> 0.6 | J11: Counted 'unclipped' fish. | L11: 2005 | M11: 0.58167331 | N11: =799/799*M11 -> 0.58167331 | O11: 0.6901063 | P11: =799/799*O11 -> 0.6901063
A12: 36791 | J12: No mark rate conducted | L12: 2006 | M12: 0.24623116 | N12: =947/398*M12 -> 0.58588167 | P12: =947/398*O12 -> 0
A13: 36792 | J13: No mark rate conducted | L13: 2007
A14: 36793 | B14: 0.5 | C14: 0.54166667 | D14: 34 | E14: 161 | F14: =E14/(E14+D14) -> 0.82564103 | G14: 11 | H14: 8 | I14: =H14/(H14+G14) -> 0.42105263 | J14: Counted 'unclipped' fish.
A15: 36794 | B15: 0.70833333 | C15: 0.75 | D15: 41 | E15: 150 | F15: =E15/(E15+D15) -> 0.78534031 | G15: 10 | H15: 17 | I15: =H15/(H15+G15) -> 0.62962963 | J15: Counted 'unclipped' fish.
A16: 36795 | B16: 0.33333333 | C16: 0.375 | D16: 32 | E16: 113 | F16: =E16/(E16+D16) -> 0.77931034 | G16: 4 | H16: 4 | I16: =H16/(H16+G16) -> 0.5 | J16: Counted 'unclipped' fish.
A17: 36796 | B17: 0.41666667 | C17: 0.45833333 | D17: 58 | E17: 181 | F17: =E17/(E17+D17) -> 0.75732218 | G17: 9 | H17: 16 | I17: =H17/(H17+G17) -> 0.64 | J17: Counted 'unclipped' fish.
A18: 36797 | B18: 0.29166667 | C18: 0.33333333 | D18: 15 | E18: 87 | F18: =E18/(E18+D18) -> 0.85294118 | G18: 1 | H18: 2 | I18: =H18/(H18+G18) -> 0.66666667 | J18: Counted 'unclipped' fish. | L18: Average | M18: =AVERAGE(M4:M11) -> 0.56198352 | N18: =AVERAGE(N4:N12) -> 0.59589091 | O18: =AVERAGE(O4:O10) -> 0.67631921 | P18: =AVERAGE(P4:P11) -> 0.71993982
A19: 36798 | J19: No mark rate conducted
A20: 36799 | B20: 0.54166667 | C20: 0.58333333 | D20: 34 | E20: 109 | F20: =E20/(E20+D20) -> 0.76223776 | G20: 9 | H20: 17 | I20: =H20/(H20+G20) -> 0.65384615 | J20: Counted 'unclipped' fish.
A21: 36800 | B21: 0.75 | C21: 0.79166667 | D21: 12 | E21: 47 | F21: =E21/(E21+D21) -> 0.79661017 | G21: 2 | H21: 4 | I21: =H21/(H21+G21) -> 0.66666667 | J21: Counted 'unclipped' fish.
A22: 36801 | J22: No mark rate conducted
A23: 36802 | B23: 0.54166667 | C23: 0.58333333 | D23: 3 | E23: 12 | F23: =E23/(E23+D23) -> 0.8 | G23: 2 | H23: 3 | I23: =H23/(H23+G23) -> 0.6 | J23: Counted 'unclipped' fish.
A24: 36803 | B24: 0.58333333 | C24: 0.625 | D24: 9 | E24: 32 | F24: =E24/(E24+D24) -> 0.7804878 | G24: 1 | H24: 5 | I24: =H24/(H24+G24) -> 0.83333333 | J24: Counted 'unclipped' fish.
A25: 36804 | B25: 0.41666667 | C25: 0.45833333 | D25: 8 | E25: 20 | F25: =E25/(E25+D25) -> 0.71428571 | G25: 4 | H25: 1 | I25: =H25/(H25+G25) -> 0.2 | J25: Counted 'unclipped' fish.
A26: 36805 | B26: 0.375 | C26: 0.41666667 | D26: 19 | E26: 54 | F26: =E26/(E26+D26) -> 0.73972603 | G26: 4 | H26: 17 | I26: =H26/(H26+G26) -> 0.80952381 | J26: Counted 'unclipped' fish.
A27: 36806 | J27: No mark rate conducted
A28: 36807 | J28: No mark rate conducted
A29: 36808 | B29: 0.45833333 | C29: 0.5 | D29: 17 | E29: 47 | F29: =E29/(E29+D29) -> 0.734375 | G29: 0 | H29: 4 | I29: =H29/(H29+G29) -> 1 | J29: Counted 'unclipped' fish.
A30: 36809 | B30: 0.375 | C30: 0.41666667 | D30: 4 | E30: 10 | F30: =E30/(E30+D30) -> 0.71428571 | G30: 2 | H30: 2 | I30: =H30/(H30+G30) -> 0.5 | J30: Counted 'unclipped' fish.
A31: 36810 | B31: 0.33333333 | C31: 0.375 | D31: 4 | E31: 6 | F31: =E31/(E31+D31) -> 0.6 | G31: 4 | H31: 7 | I31: =H31/(H31+G31) -> 0.63636364 | J31: Counted 'unclipped' fish.
A32: 36811 | B32: 0.625 | C32: 0.66666667 | D32: 2 | E32: 8 | F32: =E32/(E32+D32) -> 0.8 | G32: 0 | H32: 4 | I32: =H32/(H32+G32) -> 1 | J32: Counted 'unclipped' fish.
A33: 36812 | B33: 0.375 | C33: 0.41666667 | D33: 3 | E33: 5 | F33: =E33/(E33+D33) -> 0.625 | G33: 1 | H33: 5 | I33: =H33/(H33+G33) -> 0.83333333 | J33: Counted 'unclipped' fish.
A34: 36813 | B34: 0.70833333 | C34: 0.75 | D34: 4 | E34: 11 | F34: =E34/(E34+D34) -> 0.73333333 | G34: 1 | H34: 3 | I34: =H34/(H34+G34) -> 0.75 | J34: Counted 'unclipped' fish.
A35: 36814 | B35: 0.5 | C35: 0.54166667 | D35: 1 | E35: 5 | F35: =E35/(E35+D35) -> 0.83333333 | G35: 0 | H35: 4 | I35: =H35/(H35+G35) -> 1 | J35: Counted 'unclipped' fish.
A36: Total | D36: =SUM(D5:D35) -> 705 | E36: =SUM(E5:E35) -> 2783 | F36: =E36/(E36+D36) -> 0.79787844 | G36: =SUM(G5:G35) -> 143 | H36: =SUM(H5:H35) -> 235 | I36: =H36/(H36+G36) -> 0.62169312
E38: 983 k release | F38: 942k clipped | H38: 972 k release | I38: 932k clipped
A40: 37139 | B40: 0.58333333 | C40: 0.625 | D40: 9 | E40: 47 | F40: =E40/(E40+D40) -> 0.83928571 | H40: not checked
A41: 37144 | B41: 0.66666667 | C41: 0.70833333 | D41: 23 | E41: 59 | F41: =E41/(E41+D41) -> 0.7195122 | H41: not checked
A42: 37145 | B42: 0.58333333 | C42: 0.625 | D42: 9 | E42: 40 | F42: =E42/(E42+D42) -> 0.81632653 | H42: not checked
A43: 37146 | H43: not checked
A44: 37147 | H44: not checked
A45: 37148 | B45: 0.33333333 | C45: 0.375 | D45: 59 | E45: 220 | F45: =E45/(E45+D45) -> 0.78853047 | H45: not checked
A46: 37149 | B46: 0.66666667 | C46: 0.70833333 | D46: 10 | E46: 32 | F46: =E46/(E46+D46) -> 0.76190476 | H46: not checked
A47: 37150 | B47: 0.625 | C47: 0.66666667 | D47: 37 | E47: 113 | F47: =E47/(E47+D47) -> 0.75333333 | H47: not checked
A48: 37151 | B48: 0.54166667 | C48: 0.58333333 | D48: 50 | E48: 210 | F48: =E48/(E48+D48) -> 0.80769231 | H48: not checked
A49: 37152 | B49: 0.58333333 | C49: 0.625 | D49: 26 | E49: 82 | F49: =E49/(E49+D49) -> 0.75925926 | G49: 2 | H49: 2 | I49: =H49/(H49+G49) -> 0.5
A50: 37153 | B50: 0.33333333 | C50: 0.375 | D50: 74 | E50: 209 | F50: =E50/(E50+D50) -> 0.7385159 | G50: 3 | H50: 6 | I50: =H50/(H50+G50) -> 0.66666667
A51: 37154 | H51: not checked
A52: 37155 | B52: 0.33333333 | C52: 0.375 | D52: 46 | E52: 187 | F52: =E52/(E52+D52) -> 0.80257511 | G52: 2 | H52: 1 | I52: =H52/(H52+G52) -> 0.33333333
A53: 37156 | B53: 0.45833333 | C53: 0.5 | D53: 34 | E53: 154 | F53: =E53/(E53+D53) -> 0.81914894 | H53: not checked
A54: 37157 | H54: not checked
A55: 37158 | B55: 0.5 | C55: 0.54166667 | D55: 33 | E55: 144 | F55: =E55/(E55+D55) -> 0.81355932 | G55: 3 | H55: 4 | I55: =H55/(H55+G55) -> 0.57142857
A56: 37159 | B56: 0.54166667 | C56: 0.58333333 | D56: 40 | E56: 182 | F56: =E56/(E56+D56) -> 0.81981982 | G56: 7 | H56: 9 | I56: =H56/(H56+G56) -> 0.5625
A57: 37160 | B57: 0.75 | C57: 0.79166667 | D57: 87 | E57: 262 | F57: =E57/(E57+D57) -> 0.75071633 | G57: 16 | H57: 28 | I57: =H57/(H57+G57) -> 0.63636364
A58: 37161 | B58: 0.41666667 | C58: 0.45833333 | D58: 45 | E58: 165 | F58: =E58/(E58+D58) -> 0.78571429 | G58: 5 | H58: 10 | I58: =H58/(H58+G58) -> 0.66666667
A59: 37162 | B59: 0.375 | C59: 0.41666667 | D59: 30 | E59: 129 | F59: =E59/(E59+D59) -> 0.81132075 | G59: 1 | H59: 1 | I59: =H59/(H59+G59) -> 0.5
A60: 37163 | B60: 0.29166667 | C60: 0.33333333 | D60: 12 | E60: 35 | F60: =E60/(E60+D60) -> 0.74468085 | G60: 0 | H60: 0 | I60: =H60/(H60+G60) -> #DIV/0!
A61: 37164 | B61: 0.45833333 | C61: 0.5 | D61: 34 | E61: 143 | F61: =E61/(E61+D61) -> 0.8079096 | G61: 6 | H61: 0 | I61: =H61/(H61+G61) -> 0
A62: 37165 | B62: 0.375 | C62: 0.41666667 | D62: 32 | E62: 137 | F62: =E62/(E62+D62) -> 0.81065089 | G62: 3 | H62: 4 | I62: =H62/(H62+G62) -> 0.57142857
A63: 37166 | B63: 0.54166667 | C63: 0.58333333 | D63: 32 | E63: 98 | F63: =E63/(E63+D63) -> 0.75384615 | G63: 4 | H63: 2 | I63: =H63/(H63+G63) -> 0.33333333 | J63: missed 3 adults (couldn't see them)
A64: 37167 | B64: 0.45833333 | C64: 0.5 | D64: 64 | E64: 144 | F64: =E64/(E64+D64) -> 0.69230769 | G64: 4 | H64: 11 | I64: =H64/(H64+G64) -> 0.73333333 | J64: missed 16 adults and 2 jacks (couldn't see them)
A65: 37168 | B65: 0.66666667 | C65: 0.70833333 | D65: 96 | E65: 190 | F65: =E65/(E65+D65) -> 0.66433566 | G65: 6 | H65: 7 | I65: =H65/(H65+G65) -> 0.53846154 | J65: Missed 44 adults
A66: 37169 | B66: 0.625 | C66: 0.66666667 | D66: 104 | E66: 207 | F66: =E66/(E66+D66) -> 0.66559486 | G66: 7 | H66: 12 | I66: =H66/(H66+G66) -> 0.63157895 | J66: Missed 12 adults
A67: 37170 | B67: 0.58333333 | C67: 0.625 | D67: 97 | E67: 226 | F67: =E67/(E67+D67) -> 0.6996904 | G67: 8 | H67: 6 | I67: =H67/(H67+G67) -> 0.42857143
A68: 37171 | B68: 0.45833333 | C68: 0.5 | D68: 53 | E68: 112 | F68: =E68/(E68+D68) -> 0.67878788 | G68: 13 | H68: 4 | I68: =H68/(H68+G68) -> 0.23529412
A69: 37172 | B69: 0.41666667 | C69: 0.45833333 | D69: 62 | E69: 132 | F69: =E69/(E69+D69) -> 0.68041237 | G69: 6 | H69: 1 | I69: =H69/(H69+G69) -> 0.14285714
A70: 37173 | J70: no count
A71: 37174 | B71: 0.70833333 | C71: 0.75 | D71: 41 | E71: 118 | F71: =E71/(E71+D71) -> 0.74213836 | G71: 2 | H71: 3 | I71: =H71/(H71+G71) -> 0.6 | J71: Missed 2 adults
A72: 37175 | B72: 0.66666667 | C72: 0.70833333 | D72: 53 | E72: 134 | F72: =E72/(E72+D72) -> 0.71657754 | G72: 2 | H72: 4 | I72: =H72/(H72+G72) -> 0.66666667 | J72: Missed 2 adults
A73: 37176 | B73: 0.375 | C73: 0.41666667 | D73: 41 | E73: 81 | F73: =E73/(E73+D73) -> 0.66393443 | G73: 1 | H73: 0 | I73: =H73/(H73+G73) -> 0
A74: 37177 | B74: 0.375 | C74: 0.41666667 | D74: 80 | E74: 157 | F74: =E74/(E74+D74) -> 0.66244726 | G74: 4 | H74: 5 | I74: =H74/(H74+G74) -> 0.55555556 | J74: Missed 7 adults
A75: 37178 | B75: 0.70833333 | C75: 0.75 | D75: 69 | E75: 104 | F75: =E75/(E75+D75) -> 0.60115607 | G75: 6 | H75: 1 | I75: =H75/(H75+G75) -> 0.14285714
A76: 37179 | B76: 0.41666667 | C76: 0.45833333 | D76: 69 | E76: 113 | F76: =E76/(E76+D76) -> 0.62087912 | G76: 1 | H76: 1 | I76: =H76/(H76+G76) -> 0.5
A77: 37180 | B77: 0.70833333 | C77: 0.75 | D77: 19 | E77: 72 | F77: =E77/(E77+D77) -> 0.79120879 | G77: 2 | H77: 1 | I77: =H77/(H77+G77) -> 0.33333333
A78: 37181 | B78: 0.58333333 | C78: 0.625 | D78: 48 | E78: 95 | F78: =E78/(E78+D78) -> 0.66433566 | G78: 1 | H78: 1 | I78: =H78/(H78+G78) -> 0.5
A79: 37182 | B79: 0.625 | C79: 0.66666667 | D79: 78 | E79: 143 | F79: =E79/(E79+D79) -> 0.64705882 | G79: 0 | H79: 0
A80: 37183 | B80: 0.45833333 | C80: 0.5 | D80: 56 | E80: 95 | F80: =E80/(E80+D80) -> 0.62913907 | G80: 3 | H80: 4 | I80: =H80/(H80+G80) -> 0.57142857 | J80: missed 1 adult
A81: 37184 | B81: 0.54166667 | C81: 0.58333333 | D81: 45 | E81: 84 | F81: =E81/(E81+D81) -> 0.65116279 | G81: 1 | H81: 1 | I81: =H81/(H81+G81) -> 0.5
A82: 37185 | B82: 0.375 | C82: 0.41666667 | D82: 27 | E82: 36 | F82: =E82/(E82+D82) -> 0.57142857 | G82: 2 | H82: 1 | I82: =H82/(H82+G82) -> 0.33333333
A83: 37186 | B83: 0.70833333 | C83: 0.75 | D83: 16 | E83: 39 | F83: =E83/(E83+D83) -> 0.70909091 | G83: 3 | H83: 2 | I83: =H83/(H83+G83) -> 0.4
A84: 37187 | B84: 0.45833333 | C84: 0.5 | D84: 123 | E84: 195 | F84: =E84/(E84+D84) -> 0.61320755 | G84: 1 | H84: 3 | I84: =H84/(H84+G84) -> 0.75
A85: 37188 | B85: 0.41666667 | C85: 0.45833333 | D85: 113 | E85: 117 | F85: =E85/(E85+D85) -> 0.50869565 | G85: 1 | H85: 1 | I85: =H85/(H85+G85) -> 0.5
A86: 37189 | B86: 0.70833333 | C86: 0.75 | D86: 54 | E86: 103 | F86: =E86/(E86+D86) -> 0.65605096 | G86: 2 | H86: 2 | I86: =H86/(H86+G86) -> 0.5
A87: 37190 | J87: no count
A88: 37191 | B88: 0.625 | C88: 0.66666667 | D88: 101 | E88: 133 | F88: =E88/(E88+D88) -> 0.56837607 | G88: 5 | H88: 2 | I88: =H88/(H88+G88) -> 0.28571429 | J88: missed 3 adults
A89: 37192 | B89: 0.54166667 | C89: 0.58333333 | D89: 31 | E89: 21 | F89: =E89/(E89+D89) -> 0.40384615 | G89: 1 | H89: 2 | I89: =H89/(H89+G89) -> 0.66666667
A90: 37193 | B90: 0.54166667 | C90: 0.58333333 | D90: 13 | E90: 17 | F90: =E90/(E90+D90) -> 0.56666667 | G90: 0 | H90: 1 | I90: =H90/(H90+G90) -> 1
A91: 37194 | B91: 0.625 | C91: 0.66666667 | D91: 11 | E91: 15 | F91: =E91/(E91+D91) -> 0.57692308 | G91: 0 | H91: 0 | I91: =H91/(H91+G91) -> #DIV/0!
A92: 37195 | B92: 0.41666667 | C92: 0.45833333 | D92: 9 | E92: 17 | F92: =E92/(E92+D92) -> 0.65384615 | G92: 0 | H92: 1 | I92: =H92/(H92+G92) -> 1
A93: 37196 | J93: no count
A94: 37197
A95: 37198
A96: 37199
A97: 37200
A98: 37201
A99: 37202
A100: 37203
A101: 37204
A102: Total | D102: =SUM(D40:D101) -> 2295 | E102: =SUM(E40:E101) -> 5548 | F102: =E102/(E102+D102) -> 0.70738238 | G102: =SUM(G40:G101) -> 134 | H102: =SUM(H40:H101) -> 144 | I102: =H102/(H102+G102) -> 0.51798561
...

Sheet CN Mark Rate
A2: In-season Chinook ad clip rates from Stamp Falls.
D3: Cn Adult | G3: Cn Jack
A4: Date | B4: Start Time | C4: Stop Time | D4: On/Unclipped | E4: Off/Clipped | F4: % Clipped | G4: On/Unclipped | H4: Off/Clipped | I4: % Clipped | J4: Comments
A7: 38605 | B7: 0.54166667 | C7: 0.58333333 | D7: 12 | E7: 0 | F7: =E7/(E7+D7) -> 0 | G7: 0 | H7: 0 | I7: =H7/(H7+G7) -> #DIV/0!
A8: 38606 | B8: 0.375 | C8: 0.41666667 | D8: 11 | E8: 0 | F8: =E8/(E8+D8) -> 0 | G8: 1 | H8: 0 | I8: =H8/(H8+G8) -> 0
A9: 38607 | B9: 0.54166667 | C9: 0.58333333 | D9: 35 | E9: 1 | F9: =E9/(E9+D9) -> 0.027777778 | G9: 2 | H9: 0 | I9: =H9/(H9+G9) -> 0
A10: 38608 | B10: 0.58333333 | C10: 0.625 | D10: 33 | E10: 0 | F10: =E10/(E10+D10) -> 0 | G10: 11 | H10: 0 | I10: =H10/(H10+G10) -> 0
A11: 38609 | B11: 0.5 | C11: 0.54166667 | D11: 38 | E11: 0 | F11: =E11/(E11+D11) -> 0 | G11: 14 | H11: 0 | I11: =H11/(H11+G11) -> 0
A12: 38610 | B12: 0.58333333 | C12: 0.625 | D12: 44 | E12: 0 | F12: =E12/(E12+D12) -> 0 | G12: 11 | H12: 3 | I12: =H12/(H12+G12) -> 0.21428571
A13: 38611 | B13: 0.41666667 | C13: 0.45833333 | D13: 28 | E13: 2 | F13: =E13/(E13+D13) -> 0.066666667 | G13: 6 | H13: 2 | I13: =H13/(H13+G13) -> 0.25 | J13: Std. 1 clip. 1 not clipped
A14: 38612 | B14: 0.70833333 | C14: 0.75 | D14: 26 | E14: 2 | F14: =E14/(E14+D14) -> 0.071428571 | G14: 8 | H14: 2 | I14: =H14/(H14+G14) -> 0.2
A15: 38613 | B15: 0.54166667 | C15: 0.58333333 | D15: 26 | E15: 0 | F15: =E15/(E15+D15) -> 0 | G15: 6 | H15: 0 | I15: =H15/(H15+G15) -> 0
A16: 38614 | B16: 0.66666667 | C16: 0.70833333 | D16: 17 | E16: 0 | F16: =E16/(E16+D16) -> 0 | G16: 5 | H16: 0 | I16: =H16/(H16+G16) -> 0
A17: 38615 | B17: 0.41666667 | C17: 0.45833333 | D17: 64 | E17: 0 | F17: =E17/(E17+D17) -> 0 | G17: 15 | H17: 0 | I17: =H17/(H17+G17) -> 0
A18: 38616 | B18: 0.70833333 | C18: 0.75 | D18: 50 | E18: 1 | F18: =E18/(E18+D18) -> 0.019607843 | G18: 6 | H18: 0 | I18: =H18/(H18+G18) -> 0
A19: 38617 | B19: 0.625 | C19: 0.66666667 | D19: 50 | E19: 2 | F19: =E19/(E19+D19) -> 0.038461538 | G19: 8 | H19: 0 | I19: =H19/(H19+G19) -> 0
A20: 38618 | B20: 0.5 | C20: 0.54166667 | D20: 26 | E20: 1 | F20: =E20/(E20+D20) -> 0.037037037 | G20: 9 | H20: 0 | I20: =H20/(H20+G20) -> 0
A21: 38619 | B21: 0.54166667 | C21: 0.58333333 | D21: 38 | E21: 1 | F21: =E21/(E21+D21) -> 0.025641026 | G21: 16 | H21: 1 | I21: =H21/(H21+G21) -> 0.058823529
A22: 38620 | B22: 0.58333333 | C22: 0.625 | D22: 49 | E22: 2 | F22: =E22/(E22+D22) -> 0.039215686 | G22: 22 | H22: 0 | I22: =H22/(H22+G22) -> 0
A23: 38621 | B23: 0.54166667 | C23: 0.58333333 | D23: 51 | E23: 2 | F23: =E23/(E23+D23) -> 0.037735849 | G23: 19 | H23: 0 | I23: =H23/(H23+G23) -> 0
A24: 38622 | B24: 0.75 | C24: 0.79166667 | D24: 63 | E24: 2 | F24: =E24/(E24+D24) -> 0.030769231 | G24: 16 | H24: 0 | I24: =H24/(H24+G24) -> 0
A25: 38623 | B25: 0.5 | C25: 0.54166667 | D25: 54 | E25: 1 | F25: =E25/(E25+D25) -> 0.018181818 | G25: 13 | H25: 0 | I25: =H25/(H25+G25) -> 0
... A33: 38631 | B33: 0.41666667 | C33: 0.45833333 | D33: 107 | E33: 3 | F33: =E33/(E33+D33) -> 0.027272727 | G33: 16 | H33: 1 | I33: =H33/(H33+G33) -> 0.058823529
A34: 38632 | J34: no count
A35: 38633 | B35: 0.58333333 | C35: 0.625 | D35: 57 | E35: 1 | F35: =E35/(E35+D35) -> 0.017241379 | G35: 11 | H35: 0 | I35: =H35/(H35+G35) -> 0
A36: 38634 | B36: 0.375 | C36: 0.41666667 | D36: 57 | E36: 0 | F36: =E36/(E36+D36) -> 0 | G36: 12 | H36: 0 | I36: =H36/(H36+G36) -> 0
A37: 38635 | B37: 0.625 | C37: 0.66666667 | D37: 106 | E37: 3 | F37: =E37/(E37+D37) -> 0.027522936 | G37: 14 | H37: 2 | I37: =H37/(H37+G37) -> 0.125
A38: 38636 | B38: 0.375 | C38: 0.41666667 | D38: 66 | E38: 3 | F38: =E38/(E38+D38) -> 0.043478261 | G38: 15 | H38: 0 | I38: =H38/(H38+G38) -> 0
A39: 38637 | J39: No count. Heavy rain - visibility diminishing.
A40: 38638 | J40: no count
A41: 38639 | J41: no count
A42: 38640 | J42: no count
A43: Total | D43: =SUM(D7:D42) -> 1496 | E43: =SUM(E7:E42) -> 40 | F43: =E43/(E43+D43) -> 0.026041667 | G43: =SUM(G7:G42) -> 315 | H43: =SUM(H7:H42) -> 12 | I43: =H43/(H43+G43) -> 0.036697248
A46: 38968 | B46: 0.66666667 | C46: 0.70833333 | D46: 4 | E46: 2 | F46: =E46/(E46+D46) -> 0.33333333 | G46: 0 | H46: 1 | I46: =H46/(H46+G46) -> 1 | J46: No count
A47: 38969 | B47: 0.58333333 | C47: 0.625 | D47: 21 | E47: 1 | F47: =E47/(E47+D47) -> 0.045454545 | G47: 2 | H47: 0 | I47: =H47/(H47+G47) -> 0
A48: 38970 | B48: 0.70833333 | C48: 0.75 | D48: 82 | E48: 4 | F48: =E48/(E48+D48) -> 0.046511628 | G48: 1 | H48: 0 | I48: =H48/(H48+G48) -> 0
A49: 38971 | G49: 0 | J49: No Count
A50: 38972 | B50: 0.625 | C50: 0.66666667 | D50: 44 | E50: 0 | F50: =E50/(E50+D50) -> 0 | G50: 0 | H50: 0 | I50: =H50/(H50+G50) -> #DIV/0!
A51: 38973 | J51: No Count
A52: 38974 | J52: No Count
A53: 38975 | J53: No Count
A54: 38976 | J54: No Count
A55: 38977 | B55: 0.625 | C55: 0.66666667 | D55: 85 | E55: 1 | F55: =E55/(E55+D55) -> 0.011627907 | G55: 3 | H55: 0 | I55: =H55/(H55+G55) -> 0
A56: 38978 | B56: 0.625 | C56: 0.66666667 | D56: 134 | E56: 2 | F56: =E56/(E56+D56) -> 0.014705882 | G56: 1 | H56: 0 | I56: =H56/(H56+G56) -> 0
A57: 38979 | B57: 0.625 | C57: 0.66666667 | D57: 77 | E57: 0 | F57: =E57/(E57+D57) -> 0 | G57: 1 | H57: 1 | I57: =H57/(H57+G57) -> 0.5
A58: 38980 | B58: 0.70833333 | C58: 0.75 | D58: 89 | E58: 1 | F58: =E58/(E58+D58) -> 0.011111111 | G58: 2 | H58: 0 | I58: =H58/(H58+G58) -> 0
A59: 38981
A60: 38982 | B60: 0.58333333 | C60: 0.625 | D60: 89 | E60: 5 | F60: =E60/(E60+D60) -> 0.053191489 | G60: 2 | H60: 0 | I60: =H60/(H60+G60) -> 0
A61: 38982 | B61: 0.70833333 | C61: 0.75 | D61: 104 | E61: 2 | F61: =E61/(E61+D61) -> 0.018867925 | G61: 1 | H61: 0 | I61: =H61/(H61+G61) -> 0
A62: 38983 | B62: 0.41666667 | C62: 0.45833333 | D62: 98 | E62: 4 | F62: =E62/(E62+D62) -> 0.039215686 | G62: 1 | H62: 0 | I62: =H62/(H62+G62) -> 0
A63: 38983 | B63: 0.54166667 | C63: 0.58333333 | D63: 94 | E63: 5 | F63: =E63/(E63+D63) -> 0.050505051 | G63: 0 | H63: 0 | I63: =H63/(H63+G63) -> #DIV/0!
A64: 38984 | B64: 0.375 | C64: 0.41666667 | D64: 81 | E64: 3 | F64: =E64/(E64+D64) -> 0.035714286 | G64: 1 | H64: 0 | I64: =H64/(H64+G64) -> 0
A65: 38985 | B65: 0.33333333 | C65: 0.375 | D65: 101 | E65: 4 | F65: =E65/(E65+D65) -> 0.038095238 | G65: 2 | H65: 0 | I65: =H65/(H65+G65) -> 0
A66: 38986 | B66: 0.66666667 | C66: 0.70833333 | D66: 154 | E66: 4 | F66: =E66/(E66+D66) -> 0.025316456 | G66: 0 | H66: 0 | I66: =H66/(H66+G66) -> #DIV/0!
A67: 38987 | B67: 0.58333333 | C67: 0.625 | D67: 154 | E67: 3 | F67: =E67/(E67+D67) -> 0.01910828 | G67: 1 | H67: 0 | I67: =H67/(H67+G67) -> 0
A68: 38988 | B68: 0.41666667 | C68: 0.45833333 | D68: 163 | E68: 3 | F68: =E68/(E68+D68) -> 0.018072289 | G68: 0 | H68: 0 | I68: =H68/(H68+G68) -> #DIV/0!
A69: 38988 | B69: 0.66666667 | C69: 0.70833333 | D69: 185 | E69: 7 | F69: =E69/(E69+D69) -> 0.036458333 | G69: 3 | H69: 1 | I69: =H69/(H69+G69) -> 0.25
A70: 38989 | B70: 0.41666667 | C70: 0.45833333 | D70: 66 | E70: 5 | F70: =E70/(E70+D70) -> 0.070422535 | G70: 0 | H70: 0 | I70: =H70/(H70+G70) -> #DIV/0!
A71: 38989 | B71: 0.54166667 | C71: 0.58333333 | D71: 64 | E71: 2 | F71: =E71/(E71+D71) -> 0.03030303 | G71: 0 | H71: 0 | I71: =H71/(H71+G71) -> #DIV/0!
... A91: 39002 | B91: 0.66666667 | C91: 0.70833333 | D91: 86 | E91: 3 | F91: =E91/(E91+D91) -> 0.033707865 | G91: 0 | H91: 0 | I91: =H91/(H91+G91) -> #DIV/0!
A92: 39003 | J92: No count
A93: 39004 | B93: 0.66666667 | C93: 0.70833333 | D93: 80 | E93: 0 | F93: =E93/(E93+D93) -> 0 | G93: 1 | H93: 0 | I93: =H93/(H93+G93) -> 0
A94: 39005 | J94: No count
A95: 39006 | B95: 0.33333333 | C95: 0.375 | D95: 80 | E95: 2 | F95: =E95/(E95+D95) -> 0.024390244 | G95: 1 | H95: 0 | I95: =H95/(H95+G95) -> 0
A96: 39006 | B96: 0.45833333 | C96: 0.5 | D96: 101 | E96: 1 | F96: =E96/(E96+D96) -> 0.0098039216 | G96: 2 | H96: 0 | I96: =H96/(H96+G96) -> 0
A97: 39007 | B97: 0.41666667 | C97: 0.45833333 | D97: 63 | E97: 3 | F97: =E97/(E97+D97) -> 0.045454545 | G97: 1 | H97: 0 | I97: =H97/(H97+G97) -> 0
A98: 39007 | B98: 0.45833333 | C98: 0.5 | D98: 74 | E98: 1 | F98: =E98/(E98+D98) -> 0.013333333 | G98: 0 | H98: 1 | I98: =H98/(H98+G98) -> 1
A99: 39008 | B99: 0.5 | C99: 0.54166667 | D99: 138 | E99: 6 | F99: =E99/(E99+D99) -> 0.041666667 | G99: 0 | H99: 0 | I99: =H99/(H99+G99) -> #DIV/0!
A100: 39008 | B100: 0.625 | C100: 0.66666667 | D100: 120 | E100: 5 | F100: =E100/(E100+D100) -> 0.04 | G100: 3 | H100: 0 | I100: =H100/(H100+G100) -> 0
A101: 39009 | B101: 0.58333333 | C101: 0.625 | D101: 61 | E101: 4 | F101: =E101/(E101+D101) -> 0.061538462 | G101: 0 | H101: 0 | I101: =H101/(H101+G101) -> #DIV/0!
A102: 39010 | J102: No count
A103: 39011 | B103: 0.58333333 | C103: 0.625 | D103: 101 | E103: 2 | F103: =E103/(E103+D103) -> 0.019417476 | G103: 1 | H103: 0 | I103: =H103/(H103+G103) -> 0
A104: 39012 | B104: 0.58333333 | C104: 0.625 | D104: 87 | E104: 1 | F104: =E104/(E104+D104) -> 0.011363636 | G104: 1 | H104: 0 | I104: =H104/(H104+G104) -> 0
A105: 39013 | J105: No count
A106: 39014 | J106: No count
A107: 39015 | J107: No count
A108: 39016 | J108: No count
A109: 39017 | J109: No count
A110: 39018 | J110: No count
A111: 39019 | J111: No count
A112: 39020 | B112: 0.54166667 | C112: 0.58333333 | D112: 96 | E112: 1 | F112: =E112/(E112+D112) -> 0.010309278 | G112: 0 | H112: 0 | I112: =H112/(H112+G112) -> #DIV/0!
A113: 39021 | J113: No count
A114: 39022
A115: 39023
A116: 39024
A117: 39025
A118: 39026
A119: 39027
A120: 39028
A121: 39029
A122: 39030
A123: 39031
A124: Total | D124: =SUM(D46:D123) -> 4851 | E124: =SUM(E46:E123) -> 128 | F124: =E124/(E124+D124) -> 0.025707973 | G124: =SUM(G46:G123) -> 50 | H124: =SUM(H46:H123) -> 6 | I124: =H124/(H124+G124) -> 0.10714286
A127: 39331 | J127: No count
A128: 39332 | J128: No count
A129: 39333 | J129: Data on laptop
A130: 39334 | J130: Data on laptop
A131: 39335 | B131: 0.66666667 | C131: 0.70833333 | D131: 24 | E131: 1 | F131: =E131/(E131+D131) -> 0.04 | G131: 6 | H131: 0 | I131: =H131/(H131+G131) -> 0
A132: 39336 | B132: 0.625 | C132: 0.66666667 | D132: 28 | E132: 0 | F132: =E132/(E132+D132) -> 0 | G132: 4 | H132: 0 | I132: =H132/(H132+G132) -> 0
A133: 39337 | B133: 0.58333333 | C133: 0.625 | D133: 19 | E133: 0 | F133: =E133/(E133+D133) -> 0 | G133: 12 | H133: 0 | I133: =H133/(H133+G133) -> 0
...

Sheet SK Summary
A3: Sum of SX | B3: YEAR | AA3: Sum of JSX | AB3: YEAR | AY3: SockeyeAdults | BA3: ChinAdults | BB3: ChinJacks
A4: STDATE | B4: 1991 | C4: 1992 | D4: 1993 | E4: 1994 | F4: 1995 | G4: 1996 | H4: 1997 | I4: 1998 | J4: 1999 | K4: 2000 | L4: 2001 | M4: 2002 | N4: 2003 | O4: 2004 | P4: 2005 | Q4: 2006 | R4: 2007 | S4: 2008 | T4: 2009 | U4: 2010 | V4: 2011 | W4: 2012 | X4: Grand Total | AA4: STDATE | AB4: 1995 | AC4: 1996 | AD4: 1997 | AE4: 1998 | AF4: 1999 | AG4: 2000 | AH4: 2001 | AI4: 2002 | AJ4: 2003 | AK4: 2004 | AL4: 2005 | AM4: 2006 | AN4: 2007 | AO4: 2008 | AP4: 2009 | AQ4: 2010 | AR4: 2011 | AS4: 2012 | AT4: Grand Total | AY4: 3 | BA4: 0 | BB4: 0
A5: 1001 | B5: 549 | C5: 5242 | D5: 359 | E5: 177 | F5: 0 | G5: 14 | H5: 0 | I5: 2696 | J5: 2 | K5: 1 | L5: 927 | M5: 682 | N5: 410 | O5: 1191 | P5: 6 | Q5: 4 | R5: 0 | S5: 0 | T5: 22 | U5: 4 | V5: 2 | W5: 0 | X5: 12288 | AA5: 1001 | AD5: 0 | AE5: 312 | AF5: 1 | AH5: 71 | AI5: 63 | AJ5: 78 | AK5: 38 | AL5: 0 | AM5: 0 | AN5: 0 | AO5: 0 | AP5: 1 | AQ5: 0 | AR5: 0 | AS5: 0 | AT5: 564 | AY5: 6 | BA5: 0 | BB5: 0
A6: 1002 | B6: 247 | C6: 3636 | D6: 475 | E6: 104 | F6: 0 | G6: 6 | H6: 0 | I6: 1933 | J6: 0 | L6: 997 | M6: 706 | N6: 659 | O6: 1032 | P6: 3 | Q6: 0 | R6: 0 | S6: 0 | T6: 17 | U6: 13 | V6: 0 | W6: 0 | X6: 9828 | AA6: 1002 | AD6: 0 | AE6: 279 | AF6: 1 | AG6: 1 | AH6: 61 | AI6: 63 | AJ6: 44 | AK6: 57 | AL6: 0 | AM6: 0 | AN6: 0 | AO6: 0 | AP6: 0 | AQ6: 1 | AR6: 0 | AS6: 0 | AT6: 507 | AY6: 3 | BA6: 0 | BB6: 0
A7: 1003 | B7: 98 | C7: 2295 | D7: 539 | E7: 203 | F7: 0 | G7: 6 | H7: 0 | I7: 1802 | J7: 0 | L7: 777 | M7: 669 | N7: 649 | O7: 953 | P7: 5 | Q7: 2 | R7: 2 | S7: 0 | T7: 4 | U7: 6 | V7: 1 | W7: 0 | X7: 8011 | AA7: 1003 | AD7: 0 | AE7: 239 | AF7: 0 | AH7: 56 | AI7: 33 | AJ7: 38 | AK7: 42 | AL7: 0 | AM7: 1 | AN7: 0 | AO7: 0 | AP7: 2 | AQ7: 0 | AR7: 0 | AS7: 0 | AT7: 411 | AY7: 0 | BA7: 0 | BB7: 0
A8: 1004 | B8: 70 | C8: 1340 | D8: 743 | E8: 401 | F8: 0 | G8: 41 | H8: 0 | I8: 1667 | J8: 0 | L8: 709 | M8: 524 | N8: 465 | O8: 923 | P8: 4 | Q8: 0 | R8: 0 | S8: 0 | T8: 3 | U8: 6 | V8: 0 | W8: 0 | X8: 6896 | AA8: 1004 | AD8: 0 | AE8: 315 | AF8: 0 | AH8: 53 | AI8: 40 | AJ8: 11 | AK8: 57 | AL8: 0 | AM8: 0 | AN8: 0 | AO8: 0 | AP8: 2 | AQ8: 0 | AR8: 0 | AS8: 0 | AT8: 478 | AY8: 5 | BA8: 0 | BB8: 0
A9: 1005 | B9: 81 | C9: 816 | D9: 646 | E9: 370 | F9: 0 | G9: 69 | H9: 0 | I9: 1782 | J9: 3 | K9: 1 | L9: 601 | M9: 543 | N9: 401 | O9: 656 | P9: 5 | Q9: 0 | R9: 0 | S9: 0 | T9: 2 | U9: 4 | V9: 0 | W9: 0 | X9: 5980 | AA9: 1005 | AD9: 0 | AE9: 319 | AF9: 0 | AG9: 1 | AH9: 55 | AI9: 8 | AJ9: 12 | AK9: 33 | AL9: 0 | AM9: 0 | AN9: 0 | AO9: 0 | AP9: 0 | AQ9: 0 | AR9: 0 | AS9: 0 | AT9: 428 | AY9: 3 | BA9: 0 | BB9: 0
A10: 1006 | B10: 59 | C10: 746 | D10: 1668 | E10: 652 | F10: 0 | G10: 12 | H10: 0 | I10: 1782 | J10: 0 | L10: 751 | M10: 622 | N10: 430 | O10: 902 | P10: 5 | Q10: 5 | R10: 0 | S10: 1 | T10: 4 | U10: 2 | V10: 0 | W10: 1 | X10: 7642 | AA10: 1006 | AD10: 0 | AE10: 227 | AF10: 0 | AH10: 58 | AI10: 13 | AJ10: 11 | AK10: 52 | AL10: 0 | AM10: 0 | AN10: 0 | AO10: 0 | AP10: 0 | AQ10: 0 | AR10: 0 | AS10: 0 | AT10: 361 | AY10: 4 | BA10: 0 | BB10: 0
A11: 1007 | B11: 36 | C11: 1309 | D11: 1683 | E11: 1056 | F11: 0 | G11: 29 | H11: 0 | I11: 1476 | J11: 3 | L11: 467 | M11: 580 | N11: 126 | O11: 739 | P11: 28 | Q11: 0 | R11: 0 | S11: 0 | T11: 8 | U11: 3 | V11: 1 | W11: 0 | X11: 7544 | AA11: 1007 | AD11: 0 | AE11: 236 | AF11: 5 | AH11: 35 | AI11: 23 | AJ11: 4 | AK11: 38 | AL11: 2 | AM11: 0 | AN11: 0 | AO11: 0 | AP11: 1 | AQ11: 0 | AR11: 0 | AS11: 0 | AT11: 344 | AY11: 1 | BA11: 0 | BB11: 0
A12: 1008 | B12: 27 | C12: 1032 | D12: 1575 | E12: 969 | F12: 0 | G12: 15 | H12: 8 | I12: 1336 | J12: 10 | K12: 1 | L12: 247 | M12: 869 | N12: 123 | O12: 1023 | P12: 16 | Q12: 1 | R12: 0 | S12: 0 | T12: 1 | U12: 3 | V12: 0 | W12: 1 | X12: 7257 | AA12: 1008 | AD12: 0 | AE12: 160 | AF12: 3 | AH12: 21 | AI12: 32 | AJ12: 5 | AK12: 112 | AL12: 0 | AM12: 0 | AN12: 0 | AO12: 0 | AP12: 0 | AQ12: 0 | AR12: 0 | AS12: 0 | AT12: 333 | AY12: 2 | BA12: 0 | BB12: 0
A13: 1009 | B13: 36 | C13: 526 | D13: 1652 | E13: 734 | F13: 0 | G13: 21 | H13: 10 | I13: 1369 | J13: 1 | L13: 178 | M13: 953 | N13: 309 | O13: 1363 | P13: 17 | Q13: 1 | R13: 0 | S13: 0 | T13: 3 | U13: 9 | V13: 1 | W13: 0 | X13: 7183 | AA13: 1009 | AD13: 0 | AE13: 261 | AF13: 2 | AH13: 10 | AI13: 67 | AJ13: 23 | AK13: 72 | AL13: 0 | AM13: 0 | AN13: 0 | AO13: 0 | AP13: 0 | AQ13: 0 | AR13: 0 | AS13: 0 | AT13: 435 | AY13: 3 | BA13: 0 | BB13: 0
A14: 1010 | B14: 28 | C14: 611 | D14: 1093 | E14: 542 | F14: 0 | G14: 7 | H14: 4 | I14: 1114 | J14: 4 | L14: 341 | M14: 726 | N14: 445 | O14: 933 | P14: 14 | Q14: 1 | R14: 0 | S14: 1 | T14: 16 | U14: 19 | V14: 1 | W14: 0 | X14: 5900 | AA14: 1010 | AD14: 0 | AE14: 109 | AF14: 0 | AH14: 17 | AI14: 68 | AJ14: 30 | AK14: 44 | AL14: 0 | AM14: 0 | AN14: 0 | AO14: 0 | AP14: 0 | AQ14: 1 | AR14: 0 | AS14: 0 | AT14: 269 | AY14: 2 | BA14: 0 | BB14: 0
A15: 1011 | B15: 28 | C15: 867 | D15: 1048 | E15: 392 | F15: 0 | G15: 5 | H15: 11 | I15: 872 | J15: 0 | L15: 129 | M15: 454 | N15: 664 | O15: 632 | P15: 12 | Q15: 2 | R15: 0 | S15: 0 | T15: 13 | U15: 37 | V15: 0 | W15: 0 | X15: 5166 | AA15: 1011 | AD15: 0 | AE15: 136 | AF15: 0 | AH15: 9 | AI15: 33 | AJ15: 38 | AK15: 29 | AL15: 0 | AM15: 0 | AN15: 0 | AO15: 0 | AP15: 0 | AQ15: 0 | AR15: 0 | AS15: 0 | AT15: 245 | AY15: 4 | BA15: 0 | BB15: 0
A16: 1012 | B16: 44 | C16: 544 | D16: 1716 | E16: 260 | F16: 0 | G16: 4 | H16: 5 | I16: 1089 | J16: 0 | K16: 2 | L16: 277 | M16: 469 | N16: 157 | O16: 753 | P16: 19 | Q16: 4 | R16: 0 | S16: 0 | T16: 12 | U16: 7 | V16: 0 | W16: 0 | X16: 5362 | AA16: 1012 | AD16: 0 | AE16: 155 | AF16: 0 | AH16: 17 | AI16: 38 | AJ16: 0 | AK16: 31 | AL16: 0 | AM16: 1 | AN16: 0 | AO16: 0 | AP16: 0 | AQ16: 1 | AR16: 0 | AS16: 0 | AT16: 243 | AY16: 5 | BA16: 0 | BB16: 0
A17: 1013 | B17: 14 | C17: 367 | D17: 2434 | E17: 185 | F17: 0 | G17: 32 | H17: 4 | I17: 1873 | J17: 18 | K17: 2 | L17: 255 | M17: 551 | N17: 567 | O17: 1071 | P17: 16 | Q17: 6 | R17: 0 | S17: 0 | T17: 27 | U17: 5 | V17: 0 | W17: 0 | X17: 7427 | AA17: 1013 | AD17: 0 | AE17: 304 | AF17: 0 | AG17: 1 | AH17: 17 | AI17: 3 | AJ17: 2 | AK17: 29 | AL17: 0 | AM17: 0 | AN17: 0 | AO17: 0 | AP17: 0 | AQ17: 0 | AR17: 0 | AS17: 0 | AT17: 356 | AY17: 4 | BA17: 0 | BB17: 0
A18: 1014 | B18: 16 | C18: 278 | D18: 2468 | E18: 212 | F18: 0 | G18: 40 | H18: 5 | I18: 1104 | J18: 10 | L18: 190 | M18: 457 | N18: 338 | O18: 1342 | P18: 25 | Q18: 5 | R18: 0 | S18: 0 | T18: 396 | U18: 6 | V18: 2 | W18: 1 | X18: 6895 | AA18: 1014 | AD18: 0 | AE18: 211 | AF18: 0 | AH18: 8 | AI18: 7 | AJ18: 5 | AK18: 55 | AL18: 3 | AM18: 0 | AN18: 0 | AO18: 0 | AP18: 20 | AQ18: 0 | AR18: 0 | AS18: 0 | AT18: 309 | AY18: 3 | BA18: 0 | BB18: 0
A19: 1015 | B19: 14 | C19: 296 | D19: 2207 | E19: 109 | F19: 0 | G19: 2 | H19: 8 | I19: 727 | J19: 1 | L19: 208 | M19: 377 | N19: 781 | O19: 690 | P19: 0 | Q19: 7 | R19: 0 | S19: 0 | T19: 277 | U19: 3 | V19: 0 | W19: 0 | X19: 5707 | AA19: 1015 | AD19: 0 | AE19: 102 | AF19: 3 | AH19: 25 | AI19: 11 | AJ19: 9 | AK19: 23 | AL19: 0 | AM19: 0 | AN19: 0 | AO19: 0 | AP19: 10 | AQ19: 0 | AR19: 0 | AS19: 0 | AT19: 183 | AY19: 1 | BA19: 0 | BB19: 0
A20: 1016 | B20: 47 | C20: 529 | D20: 2357 | E20: 97 | F20: 0 | G20: 4 | H20: 15 | I20: 856 | J20: 3 | L20: 347 | M20: 312 | N20: 106.5 | O20: 1249 | Q20: 6 | R20: 0 | S20: 0 | T20: 22 | U20: 0 | V20: 1 | W20: 0 | X20: 5951.5 | AA20: 1016 | AD20: 0 | AE20: 83 | AF20: 0 | AG20: 2 | AH20: 43 | AI20: 7 | AJ20: 1.5 | AK20: 28 | AM20: 0 | AN20: 0 | AO20: 0 | AP20: 0 | AQ20: 0 | AR20: 0 | AS20: 0 | AT20: 164.5 | AY20: 4 | BA20: 0 | BB20: 0
A21: 1017 | B21: 8 | C21: 459 | D21: 1972 | E21: 148 | F21: 0 | G21: 3 | H21: 6 | I21: 1132 | J21: 2 | L21: 189 | M21: 166 | N21: 53.25 | O21: 493 | Q21: 4 | R21: 0 | S21: 0 | T21: 0 | U21: 1 | V21: 2 | W21: 0 | X21: 4638.25 | AA21: 1017 | AD21: 0 | AE21: 108 | AF21: 0 | AH21: 17 | AI21: 33 | AJ21: 0.75 | AK21: 8 | AM21: 0 | AN21: 0 | AO21: 0 | AP21: 0 | AQ21: 0 | AR21: 0 | AS21: 0 | AT21: 166.75 | AY21: 2 | BA21: 0 | BB21: 0
A22: 1018 | B22: 25 | C22: 1324 | D22: 2059 | E22: 67 | F22: 0 | G22: 24 | H22: 2 | I22: 854 | J22: 2 | K22: 2 | L22: 189 | M22: 95 | N22: 0 | O22: 256 | P22: 0 | Q22: 1 | R22: 0 | S22: 0 | T22: 0 | U22: 2 | V22: 1 | W22: 0 | X22: 4903 | AA22: 1018 | AD22: 0 | AE22: 82 | AF22: 0 | AH22: 13 | AI22: 0 | AJ22: 0 | AK22: 11 | AL22: 0 | AM22: 0 | AN22: 1 | AO22: 0 | AP22: 0 | AQ22: 0 | AR22: 0 | AS22: 0 | AT22: 107 | AY22: 5 | BA22: 0 | BB22: 0
A23: 1019 | B23: 62 | C23: 210 | D23: 1604 | E23: 94 | F23: 0 | G23: 12 | H23: 0 | I23: 490 | J23: 0 | K23: 10 | L23: 197 | M23: 86 | N23: 0 | O23: 395 | P23: 2 | Q23: 0 | R23: 0 | S23: 0 | T23: 169 | U23: 1 | V23: 2 | W23: 0 | X23: 3334 | AA23: 1019 | AD23: 0 | AE23: 38 | AF23: 0 | AG23: 1 | AH23: 21 | AI23: 9 | AJ23: 0 | AK23: 10 | AL23: 0 | AM23: 0 | AN23: 0 | AO23: 0 | AP23: 11 | AQ23: 0 | AR23: 0 | AS23: 0 | AT23: 90 | AY23: 2 | BA23: 0 | BB23: 0
A24: 1020 | B24: 59 | C24: 212 | D24: 1102 | E24: 118 | F24: 0 | G24: 3 | H24: 0 | I24: 426 | J24: 3 | L24: 125 | M24: 82 | N24: 0 | O24: 467 | P24: 6 | Q24: 2 | R24: 0 | S24: 1 | T24: 83 | U24: 2 | V24: 2 | W24: 1 | X24: 2694 | AA24: 1020 | AD24: 0 | AE24: 60 | AF24: 0 | AH24: 1 | AI24: 12 | AJ24: 0 | AK24: 21 | AL24: 0 | AM24: 0 | AN24: 0 | AO24: 0 | AP24: 2 | AQ24: 0 | AR24: 0 | AS24: 0 | AT24: 96 | AY24: 10 | BA24: 0 | BB24: 0
A25: 1021 | B25: 46 | C25: 215 | D25: 949 | E25: 316 | F25: 0 | G25: 1 | H25: 2 | I25: 441 | J25: 1 | L25: 63 | M25: 78 | N25: 0 | O25: 207 | P25: 1 | Q25: 3 | R25: 0 | S25: 0 | T25: 42 | U25: 1 | V25: 4 | W25: 1 | X25: 2371 | AA25: 1021 | AD25: 0 | AE25: 31 | AF25: 0 | AH25: 5 | AI25: 1 | AJ25: 0 | AK25: 9 | AL25: 0 | AM25: 0 | AN25: 0 | AO25: 0 | AP25: 0 | AQ25: 0 | AR25: 0 | AS25: 0 | AT25: 46 | AY25: 5 | BA25: 0 | BB25: 0
A26: 1022 | B26: 29 | C26: 217 | D26: 1421 | E26: 185 | F26: 0 | G26: 8 | H26: 8 | I26: 294 | J26: 1 | L26: 91 | M26: 35 | N26: 0 | O26: 31 | P26: 4 | Q26: 2 | R26: 0 | S26: 3 | T26: 26 | U26: 0 | V26: 3 | W26: 0 | X26: 2358 | AA26: 1022 | AD26: 0 | AE26: 7 | AF26: 0 | AH26: 8 | AI26: 0 | AJ26: 0 | AK26: 1 | AL26: 0 | AM26: 0 | AN26: 0 | AO26: 0 | AP26: 1 | AQ26: 0 | AR26: 0 | AS26: 0 | AT26: 17 | AY26: 13 | BA26: 0 | BB26: 0
A27: 1023 | B27: 25 | C27: 220 | D27: 1001 | E27: 76 | F27: 0 | G27: 20 | H27: 2 | I27: 231 | J27: 0 | K27: 1 | L27: 374 | M27: 26 | N27: 0 | O27: 60 | P27: 5 | Q27: 0 | R27: 0 | S27: 1 | T27: 17 | U27: 2 | V27: 2 | W27: 0 | X27: 2063 | AA27: 1023 | AD27: 0 | AE27: 40 | AF27: 0 | AH27: 28 | AI27: 0 | AJ27: 0 | AK27: 2 | AL27: 0 | AM27: 0 | AN27: 0 | AO27: 0 | AP27: 0 | AQ27: 0 | AR27: 0 | AS27: 0 | AT27: 70 | AY27: 17 | BA27: 0 | BB27: 0
A28: 1024 | B28: 22 | C28: 222 | D28: 484 | E28: 36 | F28: 1 | G28: 10 | H28: 3 | I28: 237 | J28: 0 | K28: 1 | L28: 562 | M28: 6 | N28: 0 | O28: 59 | P28: 5 | Q28: 1 | R28: 0 | S28: 2 | T28: 15 | V28: 0 | W28: 0 | X28: 1666 | AA28: 1024 | AD28: 0 | AE28: 20 | AF28: 0 | AH28: 32 | AI28: 1 | AJ28: 0 | AK28: 0 | AL28: 0 | AM28: 0 | AN28: 0 | AO28: 0 | AP28: 0 | AR28: 0 | AS28: 0 | AT28: 53 | AY28: 28 | BA28: 0 | BB28: 0
A29: 1025 | B29: 6 | C29: 225 | D29: 524 | E29: 42 | F29: 0 | G29: 4 | H29: 7 | I29: 179 | J29: 1 | K29: 1 | L29: 379 | M29: 10 | N29: 7 | O29: 32 | P29: 3 | Q29: 2 | R29: 0 | S29: 0 | T29: 2 | V29: 1 | W29: 0 | X29: 1425 | AA29: 1025 | AD29: 0 | AE29: 17 | AF29: 0 | AG29: 1 | AH29: 22 | AI29: 2 | AJ29: 0 | AK29: 0 | AL29: 0 | AM29: 0 | AN29: 0 | AO29: 0 | AP29: 0 | AR29: 0 | AS29: 0 | AT29: 42 | AY29: 26 | BA29: 0 | BB29: 0
A30: 1026 | B30: 0 | C30: 227 | D30: 561 | E30: 38 | F30: 0 | G30: 3 | H30: 5 | I30: 137 | J30: 2 | K30: 2 | L30: 164 | M30: 7 | N30: 14 | O30: 249 | P30: 1 | Q30: 12 | R30: 0 | S30: 0 | T30: 9 | V30: 0 | W30: 0 | X30: 1431 | AA30: 1026 | AD30: 0 | AE30: 5 | AF30: 0 | AH30: 8 | AI30: 0 | AJ30: 0 | AK30: 6 | AL30: 0 | AM30: 0 | AN30: 0 | AO30: 0 | AP30: 0 | AR30: 0 | AS30: 0 | AT30: 19 | AY30: 31 | BA30: 0 | BB30: 0
A31: 1027 | B31: 0 | C31: 230 | D31: 396 | E31: 33 | F31: 0 | G31: 8 | H31: 5 | I31: 240 | J31: 0 | L31: 1016 | M31: 7 | N31: 21 | O31: 311 | P31: 2 | Q31: 27 | R31: 1 | S31: 0 | T31: 15 | U31: 2 | V31: 4 | W31: 0 | X31: 2318 | AA31: 1027 | AD31: 0 | AE31: 22 | AF31: 0 | AG31: 1 | AH31: 30 | AI31: 3 | AJ31: 0 | AK31: 5 | AL31: 0 | AM31: 0 | AN31: 0 | AO31: 0 | AP31: 1 | AQ31: 0 | AR31: 0 | AS31: 0 | AT31: 62 | AY31: 42 | BA31: 0 | BB31: 0
A32: 1028 | B32: 0 | C32: 232 | D32: 254 | E32: 29 | F32: 0 | G32: 2 | H32: 0 | I32: 156 | J32: 3 | L32: 384 | M32: 7 | N32: 28 | O32: 123 | P32: 4 | Q32: 17 | R32: 3 | S32: 0 | T32: 7 | U32: 32 | V32: 2 | W32: 0 | X32: 1283 | AA32: 1028 | AD32: 0 | AE32: 15 | AF32: 0 | AH32: 9 | AI32: 1 | AJ32: 0 | AK32: 3 | AL32: 0 | AM32: 0 | AN32: 0 | AO32: 0 | AP32: 0 | AQ32: 0 | AR32: 0 | AS32: 0 | AT32: 28 | AY32: 40 | BA32: 0 | BB32: 0
A33: 1029 | B33: 0 | C33: 235 | D33: 220 | E33: 25 | F33: 0 | G33: 11 | H33: 8 | I33: 120 | J33: 6 | L33: 80 | M33: 3 | N33: 25 | O33: 108 | P33: 3 | Q33: 8 | R33: 1 | S33: 0 | T33: 7 | U33: 7 | V33: 11 | W33: 1 | X33: 879 | AA33: 1029 | AD33: 0 | AE33: 26 | AF33: 0 | AH33: 0 | AI33: 0 | AJ33: 0 | AK33: 9 | AL33: 0 | AM33: 2 | AN33: 0 | AO33: 0 | AP33: 0 | AQ33: 0 | AR33: 0 | AS33: 0 | AT33: 37 | AY33: 18 | BA33: 0 | BB33: 0
A34: 1030 | B34: 2 | C34: 262 | D34: 115 | E34: 21 | F34: 0 | G34: 2 | H34: 0 | I34: 92 | J34: 1 | K34: 0 | L34: 64 | M34: 0 | N34: 32 | O34: 63 | P34: 0 | Q34: 0 | R34: 1 | S34: 0 | T34: 15 | U34: 12 | V34: 4 | W34: 0 | X34: 686 | AA34: 1030 | AD34: 0 | AE34: 16 | AF34: 0 | AG34: 0 | AH34: 0 | AI34: 0 | AJ34: 0 | AK34: 2 | AL34: 0 | AM34: 0 | AN34: 0 | AO34: 0 | AP34: 0 | AQ34: 0 | AR34: 0 | AS34: 0 | AT34: 18 | AY34: 29 | BA34: 0 | BB34: 0
A35: 1031 | B35: 0 | C35: 35 | D35: 100 | E35: 17 | G35: 1 | H35: 0 | I35: 49 | J35: 2 | K35: 0 | L35: 207 | M35: 1 | N35: 38 | O35: 72 | P35: 0 | Q35: 0 | R35: 0 | S35: 2 | T35: 0 | V35: 2 | W35: 2 | X35: 528 | AA35: 1031 | AD35: 0 | AE35: 12 | AF35: 0 | AG35: 0 | AH35: 21 | AI35: 0 | AJ35: 0 | AK35: 0 | AL35: 0 | AM35: 0 | AN35: 0 | AO35: 0 | AP35: 0 | AR35: 0 | AS35: 0 | AT35: 33 | AY35: 45 | BA35: 0 | BB35: 0
A36: 1101 | B36: 9 | C36: 4 | D36: 65 | E36: 12 | G36: 0 | H36: 0 | I36: 50 | J36: 5 | K36: 1 | L36: 135 | M36: 0 | N36: 17 | O36: 47 | P36: 0 | Q36: 0 | R36: 0 | S36: 2 | T36: 0 | V36: 6 | W36: 1 | X36: 354 | AA36: 1101 | AD36: 0 | AE36: 2 | AF36: 0 | AG36: 0 | AH36: 12 | AI36: 0 | AJ36: 1 | AK36: 0 | AL36: 0 | AM36: 0 | AN36: 0 | AO36: 0 | AP36: 0 | AR36: 0 | AS36: 0 | AT36: 15 | AY36: 28 | BA36: 0 | BB36: 0
A37: 1102 | B37: 2 | C37: 4 | D37: 64 | E37: 8 | G37: 1 | H37: 0 | I37: 77 | J37: 4 | K37: 0 | L37: 90 | M37: 0 | N37: 15 | O37: 34 | P37: 0 | Q37: 4 | R37: 0 | S37: 0 | T37: 0 | V37: 0 | X37: 303 | AA37: 1102 | AD37: 0 | AE37: 5 | AF37: 0 | AG37: 0 | AH37: 3 | AI37: 0 | AJ37: 0 | AK37: 2 | AL37: 0 | AM37: 0 | AN37: 0 | AO37: 0 | AP37: 0 | AR37: 0 | AT37: 10 | AY37: 71 | BA37: 0 | BB37: 0
A38: 1103 | B38: 3 | C38: 24 | D38: 176 | E38: 4 | G38: 0 | H38: 0 | I38: 43 | J38: 2 | K38: 0 | L38: 47 | M38: 1 | N38: 21 | O38: 38 | P38: 2 | Q38: 7 | R38: 0 | S38: 0 | T38: 39 | V38: 5 | X38: 412 | AA38: 1103 | AD38: 0 | AE38: 0 | AF38: 0 | AG38: 0 | AH38: 1 | AI38: 0 | AJ38: 0 | AK38: 1 | AL38: 0 | AM38: 0 | AN38: 0 | AO38: 0 | AP38: 4 | AR38: 0 | AT38: 6 | AY38: 77 | BA38: 0 | BB38: 0
A39: 1104 | B39: 22 | C39: 20 | D39: 99 | E39: 0 | G39: 0 | H39: 0 | I39: 38 | J39: 3 | L39: 87 | M39: 1 | N39: 12 | O39: 82 | P39: 1 | Q39: 80 | R39: 0 | S39: 0 | T39: 54 | U39: 0 | X39: 499 | AA39: 1104 | AD39: 0 | AE39: 1 | AF39: 0 | AH39: 5 | AI39: 0 | AJ39: 0 | AK39: 0 | AL39: 0 | AM39: 3 | AN39: 0 | AO39: 0 | AP39: 1 | AQ39: 0 | AT39: 10 | AY39: 83 | BA39: 0 | BB39: 0
A40: 1105 | B40: 85 | C40: 37 | D40: 168 | E40: 21 | G40: 1 | H40: 0 | I40: 17 | L40: 30 | M40: 3 | N40: 14 | O40: 132 | P40: 0 | Q40: 20 | R40: 0 | S40: 0 | T40: 30 | U40: 1 | X40: 559 | AA40: 1105 | AD40: 0 | AE40: 2 | AH40: 2 | AI40: 0 | AJ40: 0 | AK40: 4 | AL40: 0 | AM40: 0 | AN40: 0 | AO40: 0 | AP40: 0 | AQ40: 0 | AT40: 8 | AY40: 149 | BA40: 0 | BB40: 0
A41: 1106 | B41: 17 | C41: 51 | D41: 116 | E41: 1 | H41: 0 | I41: 22 | L41: 26 | M41: 11 | N41: 8 | O41: 182 | P41: 0 | Q41: 0 | R41: 0 | S41: 0 | T41: 0 | U41: 5 | X41: 439 | AA41: 1106 | AD41: 0 | AE41: 5 | AH41: 2 | AI41: 5 | AJ41: 0 | AK41: 26 | AL41: 0 | AM41: 0 | AN41: 0 | AO41: 0 | AP41: 0 | AQ41: 0 | AT41: 38 | AY41: 354 | BA41: 0 | BB41: 0
